id,status,logic,society,account,user_name,reference,reference_w_words,amount,amount_w_cents,currency,dollar_amount,posting_date,clearing_document,document_date,item_text,uuid,document_number,fiscal_year,users,due_date,duplicate_yes_no,comments,validation,report_date,monthly
1,Original,account_number|reference_w_words|document_date|amount_document_currency|currency_key|company_code,DO02,337308,,140474,140474,-1199.52,-1199,DOP,-19.61,10/03/2026,100066713,01/12/2025,Solenoid,,5100009236,2026,,01/09/2026,,,Automated,23/03/2026,1
28,Duplicate,account_number|amount_document_currency|document_date|currency_key|company_code,DO02,PMX02,,BCB566149,566149,-285185.88,-285185,DOP,-84862.1,18/03/2026,,04/02/2026,,,5100010344,2026,,01/05/2026,,,Automated,23/03/2026,1
28,Duplicate,account_number|amount_document_currency|document_date|currency_key|company_code,DO02,PMX02,,BCB566123,566123,-285185.88,-285185,DOP,-84862.1,18/03/2026,,04/02/2026,,,5100010473,2026,,01/06/2026,,,Automated,23/03/2026,1
28,Duplicate,account_number|amount_document_currency|document_date|currency_key|company_code,DO02,PMX02,,BCB566150,566150,-285185.88,-285185,DOP,-84862.1,18/03/2026,,04/02/2026,,,5100010064,2026,,01/05/2026,,,Automated,23/03/2026,1
28,Duplicate,account_number|amount_document_currency|document_date|currency_key|company_code,DO02,PMX02,,BCB566118,566118,-285185.88,-285185,DOP,-84862.1,18/03/2026,,04/02/2026,,,5100010037,2026,,01/06/2026,,,Automated,23/03/2026,1
28,Duplicate,account_number|amount_document_currency|document_date|currency_key|company_code,DO02,PMX02,,BCB566147,566147,-285185.88,-285185,DOP,-84862.1,18/03/2026,,04/02/2026,,,5100008678,2026,,01/06/2026,,,Automated,23/03/2026,1
28,Duplicate,account_number|amount_document_currency|document_date|currency_key|company_code,DO02,PMX02,,BCB566152,566152,-285185.88,-285185,DOP,-84862.1,18/03/2026,,04/02/2026,,,5100010053,2026,,01/05/2026,,,Automated,23/03/2026,1
28,Original,account_number|amount_document_currency|document_date|currency_key|company_code,DO02,PMX02,,BCB566140,566140,-285185.88,-285185,DOP,-84862.1,18/03/2026,,04/02/2026,,,5100010775,2026,,01/05/2026,,,Automated,23/03/2026,1
27,Duplicate,account_number|amount_document_currency|document_date|currency_key|company_code,DO02,337346,,18468527,18468527,-21772.8,-21772,DOP,-366.2,19/03/2026,,11/03/2026,PESO BRUTO/ GROSS WEIGHT: 19880 LBS / 9017.42 KGS,,5100010103,2026,,01/09/2026,,,Automated,23/03/2026,1
27,Original,account_number|amount_document_currency|document_date|currency_key|company_code,DO02,337346,,18468528,18468528,-21772.8,-21772,DOP,-366.2,18/03/2026,,11/03/2026,For Wire Transfer:,,5100009299,2026,,01/09/2026,,,Automated,23/03/2026,1
26,Duplicate,account_number|amount_document_currency|document_date|currency_key|company_code,DO02,PMX02,,BCB565392,565392,-285185.88,-285185,DOP,-84862.1,18/03/2026,,09/01/2026,CREVEZA,,5100010188,2026,,01/04/2026,,,Automated,23/03/2026,1
26,Duplicate,account_number|amount_document_currency|document_date|currency_key|company_code,DO02,PMX02,,BCB565387,565387,-285185.88,-285185,DOP,-84862.1,18/03/2026,,09/01/2026,CREVEZA,,5100010189,2026,,01/04/2026,,,Automated,23/03/2026,1
26,Duplicate,account_number|amount_document_currency|document_date|currency_key|company_code,DO02,PMX02,,BCB565398,565398,-285185.88,-285185,DOP,-83304.62,17/03/2026,,09/01/2026,"CORO EXTR OW 4X6 0,355L 4.5 DO",,5100010247,2026,,01/04/2026,,,Automated,23/03/2026,1
26,Duplicate,account_number|amount_document_currency|document_date|currency_key|company_code,DO02,PMX02,,BCB565391,565391,-285185.88,-285185,DOP,-83304.62,17/03/2026,,09/01/2026,"CORO EXTR OW 4X6 0,355L 4.5 DO",,5100008259,2026,,01/04/2026,,,Automated,23/03/2026,1
26,Duplicate,account_number|amount_document_currency|document_date|currency_key|company_code,DO02,PMX02,,BCB565396,565396,-285185.88,-285185,DOP,-83304.62,17/03/2026,,09/01/2026,,,5100008768,2026,,01/06/2026,,,Automated,23/03/2026,1
26,Duplicate,account_number|amount_document_currency|document_date|currency_key|company_code,DO02,PMX02,,BCB565384,565384,-285185.88,-285185,DOP,-83304.62,17/03/2026,,09/01/2026,"CORO EXTR OW 4X6 0,355L 4.5 DO",,5100010465,2026,,01/04/2026,,,Automated,23/03/2026,1
26,Original,account_number|amount_document_currency|document_date|currency_key|company_code,DO02,PMX02,,BCB565385,565385,-285185.88,-285185,DOP,-83304.62,17/03/2026,,09/01/2026,,,5100010395,2026,,01/06/2026,,,Automated,23/03/2026,1
25,Duplicate,account_number|amount_document_currency|document_date|currency_key|company_code,DO02,PMX02,,BCB565476,565476,-285185.88,-285185,DOP,-84862.1,18/03/2026,,13/01/2026,CREVEZA,,5100010478,2026,,01/04/2026,,,Automated,23/03/2026,1
28,Duplicate,account_number|amount_document_currency|document_date|currency_key|company_code,DO02,PMX02,,BCB566144,566144,-285185.88,-285185,DOP,-84862.1,18/03/2026,,04/02/2026,,,5100010302,2026,,01/05/2026,,,Automated,23/03/2026,1
28,Duplicate,account_number|amount_document_currency|document_date|currency_key|company_code,DO02,PMX02,,BCB566132,566132,-285185.88,-285185,DOP,-84862.1,18/03/2026,,04/02/2026,,,5100010740,2026,,01/05/2026,,,Automated,23/03/2026,1
28,Duplicate,account_number|amount_document_currency|document_date|currency_key|company_code,DO02,PMX02,,BCB566155,566155,-285185.88,-285185,DOP,-84862.1,18/03/2026,,04/02/2026,,,5100008769,2026,,01/05/2026,,,Automated,23/03/2026,1
28,Duplicate,account_number|amount_document_currency|document_date|currency_key|company_code,DO02,PMX02,,BCB566124,566124,-285185.88,-285185,DOP,-84862.1,18/03/2026,,04/02/2026,,,5100010587,2026,,01/06/2026,,,Automated,23/03/2026,1
28,Duplicate,account_number|amount_document_currency|document_date|currency_key|company_code,DO02,PMX02,,BCB566135,566135,-285185.88,-285185,DOP,-84862.1,18/03/2026,,04/02/2026,,,5100007859,2026,,01/06/2026,,,Automated,23/03/2026,1
28,Duplicate,account_number|amount_document_currency|document_date|currency_key|company_code,DO02,PMX02,,BCB566139,566139,-285185.88,-285185,DOP,-84862.1,18/03/2026,,04/02/2026,,,5100010489,2026,,01/05/2026,,,Automated,23/03/2026,1
28,Duplicate,account_number|amount_document_currency|document_date|currency_key|company_code,DO02,PMX02,,BCB566138,566138,-285185.88,-285185,DOP,-84862.1,18/03/2026,,04/02/2026,,,5100010800,2026,,01/06/2026,,,Automated,23/03/2026,1
28,Duplicate,account_number|amount_document_currency|document_date|currency_key|company_code,DO02,PMX02,,BCB566145,566145,-285185.88,-285185,DOP,-84862.1,18/03/2026,,04/02/2026,,,5100009334,2026,,01/05/2026,,,Automated,23/03/2026,1
28,Duplicate,account_number|amount_document_currency|document_date|currency_key|company_code,DO02,PMX02,,BCB566129,566129,-285185.88,-285185,DOP,-84862.1,18/03/2026,,04/02/2026,,,5100009969,2026,,01/06/2026,,,Automated,23/03/2026,1
28,Duplicate,account_number|amount_document_currency|document_date|currency_key|company_code,DO02,PMX02,,BCB566125,566125,-285185.88,-285185,DOP,-84862.1,18/03/2026,,04/02/2026,,,5100010077,2026,,01/06/2026,,,Automated,23/03/2026,1
28,Duplicate,account_number|amount_document_currency|document_date|currency_key|company_code,DO02,PMX02,,BCB566153,566153,-285185.88,-285185,DOP,-84862.1,18/03/2026,,04/02/2026,,,5100010660,2026,,01/05/2026,,,Automated,23/03/2026,1
28,Duplicate,account_number|amount_document_currency|document_date|currency_key|company_code,DO02,PMX02,,BCB566141,566141,-285185.88,-285185,DOP,-84862.1,18/03/2026,,04/02/2026,,,5100010468,2026,,01/06/2026,,,Automated,23/03/2026,1
25,Duplicate,account_number|amount_document_currency|document_date|currency_key|company_code,DO02,PMX02,,BCB565480,565480,-285185.88,-285185,DOP,-84862.1,18/03/2026,,13/01/2026,CREVEZA,,5100009564,2026,,01/04/2026,,,Automated,23/03/2026,1
28,Duplicate,account_number|amount_document_currency|document_date|currency_key|company_code,DO02,PMX02,,BCB566130,566130,-285185.88,-285185,DOP,-84862.1,18/03/2026,,04/02/2026,,,5100010677,2026,,01/06/2026,,,Automated,23/03/2026,1
28,Duplicate,account_number|amount_document_currency|document_date|currency_key|company_code,DO02,PMX02,,BCB566119,566119,-285185.88,-285185,DOP,-84862.1,18/03/2026,,04/02/2026,,,5100009809,2026,,01/06/2026,,,Automated,23/03/2026,1
28,Duplicate,account_number|amount_document_currency|document_date|currency_key|company_code,DO02,PMX02,,BCB566142,566142,-285185.88,-285185,DOP,-84862.1,18/03/2026,,04/02/2026,,,5100010474,2026,,01/05/2026,,,Automated,23/03/2026,1
28,Duplicate,account_number|amount_document_currency|document_date|currency_key|company_code,DO02,PMX02,,BCB566137,566137,-285185.88,-285185,DOP,-84862.1,18/03/2026,,04/02/2026,,,5100010368,2026,,01/05/2026,,,Automated,23/03/2026,1
28,Duplicate,account_number|amount_document_currency|document_date|currency_key|company_code,DO02,PMX02,,BCB566122,566122,-285185.88,-285185,DOP,-84862.1,18/03/2026,,04/02/2026,,,5100010391,2026,,01/06/2026,,,Automated,23/03/2026,1
28,Duplicate,account_number|amount_document_currency|document_date|currency_key|company_code,DO02,PMX02,,BCB566126,566126,-285185.88,-285185,DOP,-84862.1,18/03/2026,,04/02/2026,,,5100010508,2026,,01/05/2026,,,Automated,23/03/2026,1
28,Duplicate,account_number|amount_document_currency|document_date|currency_key|company_code,DO02,PMX02,,BCB566148,566148,-285185.88,-285185,DOP,-84862.1,18/03/2026,,04/02/2026,,,5100010721,2026,,01/05/2026,,,Automated,23/03/2026,1
28,Duplicate,account_number|amount_document_currency|document_date|currency_key|company_code,DO02,PMX02,,BCB566143,566143,-285185.88,-285185,DOP,-84862.1,18/03/2026,,04/02/2026,,,5100010008,2026,,01/06/2026,,,Automated,23/03/2026,1
28,Duplicate,account_number|amount_document_currency|document_date|currency_key|company_code,DO02,PMX02,,BCB566121,566121,-285185.88,-285185,DOP,-84862.1,18/03/2026,,04/02/2026,,,5100008024,2026,,01/06/2026,,,Automated,23/03/2026,1
28,Duplicate,account_number|amount_document_currency|document_date|currency_key|company_code,DO02,PMX02,,BCB566154,566154,-285185.88,-285185,DOP,-84862.1,18/03/2026,,04/02/2026,,,5100010193,2026,,01/05/2026,,,Automated,23/03/2026,1
25,Duplicate,account_number|amount_document_currency|document_date|currency_key|company_code,DO02,PMX02,,BCB565474,565474,-285185.88,-285185,DOP,-84862.1,18/03/2026,,13/01/2026,cerveza,,5100010636,2026,,01/04/2026,,,Automated,23/03/2026,1
25,Duplicate,account_number|amount_document_currency|document_date|currency_key|company_code,DO02,PMX02,,BCB565483,565483,-285185.88,-285185,DOP,-84862.1,18/03/2026,,13/01/2026,CREVEZA,,5100008962,2026,,01/04/2026,,,Automated,23/03/2026,1
25,Duplicate,account_number|amount_document_currency|document_date|currency_key|company_code,DO02,PMX02,,BCB565479,565479,-285185.88,-285185,DOP,-83304.62,17/03/2026,,13/01/2026,"CORO EXTR OW 4X6 0,355L 4.5 DO",,5100010061,2026,,01/04/2026,,,Automated,23/03/2026,1
23,Duplicate,account_number|amount_document_currency|document_date|currency_key|company_code,DO02,PMX02,,BCB566263,566263,-285185.88,-285185,DOP,-84862.1,19/03/2026,,08/02/2026,,,5100010761,2026,,01/05/2026,,,Automated,23/03/2026,1
23,Duplicate,account_number|amount_document_currency|document_date|currency_key|company_code,DO02,PMX02,,BCB566237,566237,-285185.88,-285185,DOP,-84862.1,19/03/2026,,08/02/2026,,,5100011025,2026,,01/05/2026,,,Automated,23/03/2026,1
23,Duplicate,account_number|amount_document_currency|document_date|currency_key|company_code,DO02,PMX02,,BCB566242,566242,-285185.88,-285185,DOP,-84862.1,19/03/2026,,08/02/2026,,,5100011020,2026,,01/05/2026,,,Automated,23/03/2026,1
23,Duplicate,account_number|amount_document_currency|document_date|currency_key|company_code,DO02,PMX02,,BCB566239,566239,-285185.88,-285185,DOP,-84862.1,19/03/2026,,08/02/2026,,,5100009999,2026,,01/05/2026,,,Automated,23/03/2026,1
23,Duplicate,account_number|amount_document_currency|document_date|currency_key|company_code,DO02,PMX02,,BCB566250,566250,-285185.88,-285185,DOP,-84862.1,19/03/2026,,08/02/2026,,,5100010402,2026,,01/05/2026,,,Automated,23/03/2026,1
23,Duplicate,account_number|amount_document_currency|document_date|currency_key|company_code,DO02,PMX02,,BCB566269,566269,-285185.88,-285185,DOP,-84862.1,19/03/2026,,08/02/2026,,,5100010009,2026,,01/05/2026,,,Automated,23/03/2026,1
23,Duplicate,account_number|amount_document_currency|document_date|currency_key|company_code,DO02,PMX02,,BCB566259,566259,-285185.88,-285185,DOP,-84862.1,19/03/2026,,08/02/2026,,,5100010323,2026,,01/05/2026,,,Automated,23/03/2026,1
23,Duplicate,account_number|amount_document_currency|document_date|currency_key|company_code,DO02,PMX02,,BCB566245,566245,-285185.88,-285185,DOP,-84862.1,19/03/2026,,08/02/2026,,,5100010891,2026,,01/05/2026,,,Automated,23/03/2026,1
23,Duplicate,account_number|amount_document_currency|document_date|currency_key|company_code,DO02,PMX02,,BCB566253,566253,-285185.88,-285185,DOP,-84862.1,19/03/2026,,08/02/2026,,,5100010966,2026,,01/05/2026,,,Automated,23/03/2026,1
23,Duplicate,account_number|amount_document_currency|document_date|currency_key|company_code,DO02,PMX02,,BCB566236,566236,-285185.88,-285185,DOP,-84862.1,19/03/2026,,08/02/2026,,,5100010701,2026,,01/05/2026,,,Automated,23/03/2026,1
23,Duplicate,account_number|amount_document_currency|document_date|currency_key|company_code,DO02,PMX02,,BCB566268,566268,-285185.88,-285185,DOP,-84862.1,18/03/2026,,08/02/2026,,,5100010666,2026,,01/05/2026,,,Automated,23/03/2026,1
23,Duplicate,account_number|amount_document_currency|document_date|currency_key|company_code,DO02,PMX02,,BCB566252,566252,-285185.88,-285185,DOP,-83304.62,17/03/2026,,08/02/2026,,,5100008484,2026,,01/05/2026,,,Automated,23/03/2026,1
23,Duplicate,account_number|amount_document_currency|document_date|currency_key|company_code,DO02,PMX02,,BCB566266,566266,-285185.88,-285185,DOP,-83304.62,17/03/2026,,08/02/2026,,,5100010426,2026,,01/05/2026,,,Automated,23/03/2026,1
23,Duplicate,account_number|amount_document_currency|document_date|currency_key|company_code,DO02,PMX02,,BCB566264,566264,-285185.88,-285185,DOP,-83304.62,17/03/2026,,08/02/2026,,,5100010084,2026,,01/05/2026,,,Automated,23/03/2026,1
23,Duplicate,account_number|amount_document_currency|document_date|currency_key|company_code,DO02,PMX02,,BCB566174,566174,-285185.88,-285185,DOP,-83304.62,17/03/2026,,08/02/2026,,,5100010486,2026,,01/05/2026,,,Automated,23/03/2026,1
23,Duplicate,account_number|amount_document_currency|document_date|currency_key|company_code,DO02,PMX02,,BCB566267,566267,-285185.88,-285185,DOP,-83304.62,17/03/2026,,08/02/2026,,,5100010251,2026,,01/05/2026,,,Automated,23/03/2026,1
23,Original,account_number|amount_document_currency|document_date|currency_key|company_code,DO02,PMX02,,BCB566265,566265,-285185.88,-285185,DOP,-83304.62,17/03/2026,,08/02/2026,,,5100010450,2026,,01/05/2026,,,Automated,23/03/2026,1
22,Duplicate,account_number|amount_document_currency|document_date|currency_key|company_code,DO02,PUSV5,,372912B,372912,-24840.76,-24840,DOP,-411.95,17/03/2026,,06/03/2026,COUNTRY,,5100009089,2026,,01/06/2026,,,Automated,23/03/2026,1
23,Duplicate,account_number|amount_document_currency|document_date|currency_key|company_code,DO02,PMX02,,BCB566262,566262,-285185.88,-285185,DOP,-84862.1,19/03/2026,,08/02/2026,,,5100010791,2026,,01/05/2026,,,Automated,23/03/2026,1
28,Duplicate,account_number|amount_document_currency|document_date|currency_key|company_code,DO02,PMX02,,BCB566133,566133,-285185.88,-285185,DOP,-84862.1,18/03/2026,,04/02/2026,,,5100010643,2026,,01/06/2026,,,Automated,23/03/2026,1
24,Original,account_number|amount_document_currency|document_date|currency_key|company_code,DO02,PMX02,,BCB565447,565447,-285185.88,-285185,DOP,-83304.62,17/03/2026,,12/01/2026,,,5100009991,2026,,01/04/2026,,,Automated,23/03/2026,1
24,Duplicate,account_number|amount_document_currency|document_date|currency_key|company_code,DO02,PMX02,,BCB565449,565449,-285185.88,-285185,DOP,-83304.62,17/03/2026,,12/01/2026,"CORO EXTR OW 4X6 0,355L 4.5 DO",,5100009814,2026,,01/04/2026,,,Automated,23/03/2026,1
25,Duplicate,account_number|amount_document_currency|document_date|currency_key|company_code,DO02,PMX02,,BCB565481,565481,-285185.88,-285185,DOP,-83304.62,17/03/2026,,13/01/2026,,,5100010415,2026,,01/04/2026,,,Automated,23/03/2026,1
25,Duplicate,account_number|amount_document_currency|document_date|currency_key|company_code,DO02,PMX02,,BCB565482,565482,-285185.88,-285185,DOP,-83304.62,17/03/2026,,13/01/2026,"CORO EXTR OW 4X6 0,355L 4.5 DO",,5100009728,2026,,01/04/2026,,,Automated,23/03/2026,1
25,Duplicate,account_number|amount_document_currency|document_date|currency_key|company_code,DO02,PMX02,,BCB565477,565477,-285185.88,-285185,DOP,-83304.62,17/03/2026,,13/01/2026,"CORO EXTR OW 4X6 0,355L 4.5 DO",,5100009883,2026,,01/04/2026,,,Automated,23/03/2026,1
25,Duplicate,account_number|amount_document_currency|document_date|currency_key|company_code,DO02,PMX02,,BCB565473,565473,-285185.88,-285185,DOP,-83304.62,17/03/2026,,13/01/2026,"CORO EXTR OW 4X6 0,355L 4.5 DO",,5100010446,2026,,01/04/2026,,,Automated,23/03/2026,1
25,Duplicate,account_number|amount_document_currency|document_date|currency_key|company_code,DO02,PMX02,,BCB565478,565478,-285185.88,-285185,DOP,-83304.62,17/03/2026,,13/01/2026,,,5100010022,2026,,01/04/2026,,,Automated,23/03/2026,1
25,Duplicate,account_number|amount_document_currency|document_date|currency_key|company_code,DO02,PMX02,,BCB565475,565475,-285185.88,-285185,DOP,-83304.62,17/03/2026,,13/01/2026,,,5100009877,2026,,01/04/2026,,,Automated,23/03/2026,1
25,Duplicate,account_number|amount_document_currency|document_date|currency_key|company_code,DO02,PMX02,,BCB565484,565484,-285185.88,-285185,DOP,-83304.62,17/03/2026,,13/01/2026,cerveza,,5100009431,2026,,01/04/2026,,,Automated,23/03/2026,1
25,Original,account_number|amount_document_currency|document_date|currency_key|company_code,DO02,PMX02,,BCB565472,565472,-285185.88,-285185,DOP,-83304.62,17/03/2026,,13/01/2026,,,5100009184,2026,,01/04/2026,,,Automated,23/03/2026,1
24,Duplicate,account_number|amount_document_currency|document_date|currency_key|company_code,DO02,PMX02,,BCB565440,565440,-285185.88,-285185,DOP,-83304.62,17/03/2026,,12/01/2026,"CORO EXTR OW 4X6 0,355L 4.5 DO",,5100008629,2026,,01/04/2026,,,Automated,23/03/2026,1
24,Duplicate,account_number|amount_document_currency|document_date|currency_key|company_code,DO02,PMX02,,BCB565442,565442,-285185.88,-285185,DOP,-84862.1,18/03/2026,,12/01/2026,cerveza,,5100009049,2026,,01/04/2026,,,Automated,23/03/2026,1
24,Duplicate,account_number|amount_document_currency|document_date|currency_key|company_code,DO02,PMX02,,BCB565429,565429,-285185.88,-285185,DOP,-84862.1,18/03/2026,,12/01/2026,cerveza,,5100010042,2026,,01/04/2026,,,Automated,23/03/2026,1
24,Duplicate,account_number|amount_document_currency|document_date|currency_key|company_code,DO02,PMX02,,BCB565421,565421,-285185.88,-285185,DOP,-84862.1,18/03/2026,,12/01/2026,CREVEZA,,5100010367,2026,,01/04/2026,,,Automated,23/03/2026,1
24,Duplicate,account_number|amount_document_currency|document_date|currency_key|company_code,DO02,PMX02,,BCB565432,565432,-285185.88,-285185,DOP,-84862.1,18/03/2026,,12/01/2026,cerveza,,5100010671,2026,,01/04/2026,,,Automated,23/03/2026,1
24,Duplicate,account_number|amount_document_currency|document_date|currency_key|company_code,DO02,PMX02,,BCB565437,565437,-285185.88,-285185,DOP,-83304.62,17/03/2026,,12/01/2026,"CORO EXTR OW 4X6 0,355L 4.5 DO",,5100010455,2026,,01/04/2026,,,Automated,23/03/2026,1
24,Duplicate,account_number|amount_document_currency|document_date|currency_key|company_code,DO02,PMX02,,BCB565431,565431,-285185.88,-285185,DOP,-83304.62,17/03/2026,,12/01/2026,,,5100009724,2026,,01/04/2026,,,Automated,23/03/2026,1
24,Duplicate,account_number|amount_document_currency|document_date|currency_key|company_code,DO02,PMX02,,BCB565423,565423,-285185.88,-285185,DOP,-83304.62,17/03/2026,,12/01/2026,,,5100010244,2026,,01/06/2026,,,Automated,23/03/2026,1
24,Duplicate,account_number|amount_document_currency|document_date|currency_key|company_code,DO02,PMX02,,BCB565426,565426,-285185.88,-285185,DOP,-83304.62,17/03/2026,,12/01/2026,"CORO EXTR OW 4X6 0,355L 4.5 DO",,5100010351,2026,,01/04/2026,,,Automated,23/03/2026,1
24,Duplicate,account_number|amount_document_currency|document_date|currency_key|company_code,DO02,PMX02,,BCB565438,565438,-285185.88,-285185,DOP,-83304.62,17/03/2026,,12/01/2026,,,5100010173,2026,,01/04/2026,,,Automated,23/03/2026,1
24,Duplicate,account_number|amount_document_currency|document_date|currency_key|company_code,DO02,PMX02,,BCB565451,565451,-285185.88,-285185,DOP,-84862.1,18/03/2026,,12/01/2026,cerveza,,5100009053,2026,,01/04/2026,,,Automated,23/03/2026,1
22,Duplicate,account_number|amount_document_currency|document_date|currency_key|company_code,DO02,PUSV5,,372908B,372908,-24840.76,-24840,DOP,-404.88,17/03/2026,,06/03/2026,,,5100009947,2026,,01/06/2026,,,Automated,23/03/2026,1
28,Duplicate,account_number|amount_document_currency|document_date|currency_key|company_code,DO02,PMX02,,BCB566131,566131,-285185.88,-285185,DOP,-84862.1,19/03/2026,,04/02/2026,,,5100010811,2026,,01/05/2026,,,Automated,23/03/2026,1
28,Duplicate,account_number|amount_document_currency|document_date|currency_key|company_code,DO02,PMX02,,BCB566136,566136,-285185.88,-285185,DOP,-84862.1,19/03/2026,,04/02/2026,,,5100010551,2026,,01/05/2026,,,Automated,23/03/2026,1
37,Duplicate,account_number|amount_document_currency|document_date|currency_key|company_code,DO02,PMX02,,BCB566312,566312,-285185.88,-285185,DOP,-84862.1,19/03/2026,,10/02/2026,,,5100010841,2026,,01/05/2026,,,Automated,23/03/2026,1
37,Duplicate,account_number|amount_document_currency|document_date|currency_key|company_code,DO02,PMX02,,BCB566322,566322,-285185.88,-285185,DOP,-84862.1,19/03/2026,,10/02/2026,,,5100010537,2026,,01/05/2026,,,Automated,23/03/2026,1
37,Duplicate,account_number|amount_document_currency|document_date|currency_key|company_code,DO02,PMX02,,BCB566326,566326,-285185.88,-285185,DOP,-84862.1,19/03/2026,,10/02/2026,,,5100010833,2026,,01/05/2026,,,Automated,23/03/2026,1
37,Duplicate,account_number|amount_document_currency|document_date|currency_key|company_code,DO02,PMX02,,BCB566328,566328,-285185.88,-285185,DOP,-84862.1,19/03/2026,,10/02/2026,,,5100010388,2026,,01/05/2026,,,Automated,23/03/2026,1
37,Duplicate,account_number|amount_document_currency|document_date|currency_key|company_code,DO02,PMX02,,BCB566309,566309,-285185.88,-285185,DOP,-84862.1,19/03/2026,,10/02/2026,,,5100010812,2026,,01/05/2026,,,Automated,23/03/2026,1
37,Duplicate,account_number|amount_document_currency|document_date|currency_key|company_code,DO02,PMX02,,BCB566325,566325,-285185.88,-285185,DOP,-84862.1,19/03/2026,,10/02/2026,,,5100010214,2026,,01/05/2026,,,Automated,23/03/2026,1
37,Duplicate,account_number|amount_document_currency|document_date|currency_key|company_code,DO02,PMX02,,BCB566329,566329,-285185.88,-285185,DOP,-84862.1,19/03/2026,,10/02/2026,,,5100010538,2026,,01/05/2026,,,Automated,23/03/2026,1
37,Duplicate,account_number|amount_document_currency|document_date|currency_key|company_code,DO02,PMX02,,BCB566321,566321,-285185.88,-285185,DOP,-84862.1,19/03/2026,,10/02/2026,,,5100010991,2026,,01/05/2026,,,Automated,23/03/2026,1
37,Duplicate,account_number|amount_document_currency|document_date|currency_key|company_code,DO02,PMX02,,BCB566335,566335,-285185.88,-285185,DOP,-84862.1,19/03/2026,,10/02/2026,,,5100010028,2026,,01/05/2026,,,Automated,23/03/2026,1
37,Duplicate,account_number|amount_document_currency|document_date|currency_key|company_code,DO02,PMX02,,BCB566318,566318,-285185.88,-285185,DOP,-84862.1,19/03/2026,,10/02/2026,,,5100010995,2026,,01/05/2026,,,Automated,23/03/2026,1
37,Original,account_number|amount_document_currency|document_date|currency_key|company_code,DO02,PMX02,,BCB566331,566331,-285185.88,-285185,DOP,-84862.1,19/03/2026,,10/02/2026,,,5100010104,2026,,01/05/2026,,,Automated,23/03/2026,1
36,Duplicate,account_number|amount_document_currency|document_date|currency_key|company_code,DO02,PMX02,,BCB566330,566330,-386397.0,-386397,DOP,-114840.18,20/03/2026,,10/02/2026,,,5100011027,2026,,01/05/2026,,,Automated,23/03/2026,1
36,Original,account_number|amount_document_currency|document_date|currency_key|company_code,DO02,PMX02,,BCB566319,566319,-386397.0,-386397,DOP,-114979.26,19/03/2026,,10/02/2026,,,5100010834,2026,,01/05/2026,,,Automated,23/03/2026,1
35,Duplicate,account_number|amount_document_currency|document_date|currency_key|company_code,DO02,PMX02,,BCB566241,566241,-386397.0,-386397,DOP,-114840.18,20/03/2026,,08/02/2026,,,5100010259,2026,,01/06/2026,,,Automated,23/03/2026,1
35,Duplicate,account_number|amount_document_currency|document_date|currency_key|company_code,DO02,PMX02,,BCB566243,566243,-386397.0,-386397,DOP,-114979.26,19/03/2026,,08/02/2026,,,5100010548,2026,,01/06/2026,,,Automated,23/03/2026,1
35,Duplicate,account_number|amount_document_currency|document_date|currency_key|company_code,DO02,PMX02,,BCB566254,566254,-386397.0,-386397,DOP,-114979.26,19/03/2026,,08/02/2026,,,5100010233,2026,,01/06/2026,,,Automated,23/03/2026,1
35,Original,account_number|amount_document_currency|document_date|currency_key|company_code,DO02,PMX02,,BCB566255,566255,-386397.0,-386397,DOP,-114979.26,19/03/2026,,08/02/2026,,,5100010885,2026,,01/06/2026,,,Automated,23/03/2026,1
37,Duplicate,account_number|amount_document_currency|document_date|currency_key|company_code,DO02,PMX02,,BCB566327,566327,-285185.88,-285185,DOP,-84862.1,19/03/2026,,10/02/2026,,,5100010567,2026,,01/05/2026,,,Automated,23/03/2026,1
37,Duplicate,account_number|amount_document_currency|document_date|currency_key|company_code,DO02,PMX02,,BCB566320,566320,-285185.88,-285185,DOP,-84862.1,19/03/2026,,10/02/2026,,,5100010990,2026,,01/05/2026,,,Automated,23/03/2026,1
37,Duplicate,account_number|amount_document_currency|document_date|currency_key|company_code,DO02,PMX02,,BCB566324,566324,-285185.88,-285185,DOP,-84862.1,19/03/2026,,10/02/2026,,,5100009933,2026,,01/05/2026,,,Automated,23/03/2026,1
37,Duplicate,account_number|amount_document_currency|document_date|currency_key|company_code,DO02,PMX02,,BCB566305,566305,-285185.88,-285185,DOP,-84862.1,19/03/2026,,10/02/2026,,,5100010563,2026,,01/05/2026,,,Automated,23/03/2026,1
39,Duplicate,account_number|amount_document_currency|document_date|currency_key|company_code,DO02,PMX02,,BCB566589,566589,-386397.0,-386397,DOP,-114840.18,20/03/2026,,17/02/2026,,,5100011090,2026,,01/05/2026,,,Automated,23/03/2026,1
39,Original,account_number|amount_document_currency|document_date|currency_key|company_code,DO02,PMX02,,BCB566605,566605,-386397.0,-386397,DOP,-114840.18,20/03/2026,,17/02/2026,,,5100010776,2026,,01/05/2026,,,Automated,23/03/2026,1
38,Duplicate,account_number|amount_document_currency|document_date|currency_key|company_code,DO02,PMX02,,BCB566289,566289,-285185.88,-285185,DOP,-84759.45,20/03/2026,,09/02/2026,,,5100010777,2026,,01/05/2026,,,Automated,23/03/2026,1
38,Duplicate,account_number|amount_document_currency|document_date|currency_key|company_code,DO02,PMX02,,BCB566288,566288,-285185.88,-285185,DOP,-84862.1,19/03/2026,,09/02/2026,,,5100007594,2026,,01/05/2026,,,Automated,23/03/2026,1
38,Duplicate,account_number|amount_document_currency|document_date|currency_key|company_code,DO02,PMX02,,BCB566295,566295,-285185.88,-285185,DOP,-84862.1,19/03/2026,,09/02/2026,,,5100010843,2026,,01/05/2026,,,Automated,23/03/2026,1
38,Duplicate,account_number|amount_document_currency|document_date|currency_key|company_code,DO02,PMX02,,BCB566257,566257,-285185.88,-285185,DOP,-84862.1,19/03/2026,,09/02/2026,,,5100009738,2026,,01/05/2026,,,Automated,23/03/2026,1
38,Duplicate,account_number|amount_document_currency|document_date|currency_key|company_code,DO02,PMX02,,BCB566300,566300,-285185.88,-285185,DOP,-84862.1,19/03/2026,,09/02/2026,,,5100010389,2026,,01/05/2026,,,Automated,23/03/2026,1
38,Duplicate,account_number|amount_document_currency|document_date|currency_key|company_code,DO02,PMX02,,BCB566281,566281,-285185.88,-285185,DOP,-84862.1,19/03/2026,,09/02/2026,,,5100010817,2026,,01/05/2026,,,Automated,23/03/2026,1
34,Duplicate,account_number|amount_document_currency|document_date|currency_key|company_code,DO02,PMX02,,BCB566363,566363,-285185.88,-285185,DOP,-84759.45,20/03/2026,,11/02/2026,,,5100011050,2026,,01/05/2026,,,Automated,23/03/2026,1
38,Duplicate,account_number|amount_document_currency|document_date|currency_key|company_code,DO02,PMX02,,BCB566296,566296,-285185.88,-285185,DOP,-84862.1,19/03/2026,,09/02/2026,,,5100011015,2026,,01/05/2026,,,Automated,23/03/2026,1
38,Duplicate,account_number|amount_document_currency|document_date|currency_key|company_code,DO02,PMX02,,BCB566282,566282,-285185.88,-285185,DOP,-84862.1,19/03/2026,,09/02/2026,,,5100010482,2026,,01/05/2026,,,Automated,23/03/2026,1
38,Duplicate,account_number|amount_document_currency|document_date|currency_key|company_code,DO02,PMX02,,BCB566251,566251,-285185.88,-285185,DOP,-84862.1,19/03/2026,,09/02/2026,,,5100010533,2026,,01/05/2026,,,Automated,23/03/2026,1
38,Duplicate,account_number|amount_document_currency|document_date|currency_key|company_code,DO02,PMX02,,BCB566299,566299,-285185.88,-285185,DOP,-84862.1,19/03/2026,,09/02/2026,,,5100010842,2026,,01/05/2026,,,Automated,23/03/2026,1
38,Duplicate,account_number|amount_document_currency|document_date|currency_key|company_code,DO02,PMX02,,BCB566301,566301,-285185.88,-285185,DOP,-84862.1,19/03/2026,,09/02/2026,,,5100010558,2026,,01/05/2026,,,Automated,23/03/2026,1
38,Duplicate,account_number|amount_document_currency|document_date|currency_key|company_code,DO02,PMX02,,BCB566284,566284,-285185.88,-285185,DOP,-84862.1,19/03/2026,,09/02/2026,,,5100009986,2026,,01/05/2026,,,Automated,23/03/2026,1
38,Duplicate,account_number|amount_document_currency|document_date|currency_key|company_code,DO02,PMX02,,BCB566285,566285,-285185.88,-285185,DOP,-84862.1,19/03/2026,,09/02/2026,,,5100010534,2026,,01/05/2026,,,Automated,23/03/2026,1
38,Duplicate,account_number|amount_document_currency|document_date|currency_key|company_code,DO02,PMX02,,BCB566290,566290,-285185.88,-285185,DOP,-84862.1,19/03/2026,,09/02/2026,,,5100010872,2026,,01/05/2026,,,Automated,23/03/2026,1
38,Original,account_number|amount_document_currency|document_date|currency_key|company_code,DO02,PMX02,,BCB566303,566303,-285185.88,-285185,DOP,-84862.1,19/03/2026,,09/02/2026,,,5100010769,2026,,01/05/2026,,,Automated,23/03/2026,1
38,Duplicate,account_number|amount_document_currency|document_date|currency_key|company_code,DO02,PMX02,,BCB566302,566302,-285185.88,-285185,DOP,-84862.1,19/03/2026,,09/02/2026,,,5100011000,2026,,01/05/2026,,,Automated,23/03/2026,1
34,Duplicate,account_number|amount_document_currency|document_date|currency_key|company_code,DO02,PMX02,,BCB566360,566360,-285185.88,-285185,DOP,-84862.1,19/03/2026,,11/02/2026,,,5100010970,2026,,01/05/2026,,,Automated,23/03/2026,1
34,Duplicate,account_number|amount_document_currency|document_date|currency_key|company_code,DO02,PMX02,,BCB566364,566364,-285185.88,-285185,DOP,-84862.1,19/03/2026,,11/02/2026,,,5100010965,2026,,01/05/2026,,,Automated,23/03/2026,1
34,Duplicate,account_number|amount_document_currency|document_date|currency_key|company_code,DO02,PMX02,,BCB566353,566353,-285185.88,-285185,DOP,-84862.1,19/03/2026,,11/02/2026,,,5100008679,2026,,01/05/2026,,,Automated,23/03/2026,1
32,Original,account_number|amount_document_currency|document_date|currency_key|company_code,DO02,PMX03,,BGB1116305,1116305,-366883.44,-366883,DOP,-109172.65,18/03/2026,,10/03/2026,CORONA EXTRA 6 PACK 24/330 ML MAZ,,5100010770,2026,,01/06/2026,,,Automated,23/03/2026,1
31,Duplicate,account_number|amount_document_currency|document_date|currency_key|company_code,DO02,PMX03,,BGB1116310,1116310,-366883.44,-366883,DOP,-109172.65,19/03/2026,,11/03/2026,CERVEZA,,5100010736,2026,,01/06/2026,,,Automated,23/03/2026,1
31,Duplicate,account_number|amount_document_currency|document_date|currency_key|company_code,DO02,PMX03,,BGB1116318,1116318,-366883.44,-366883,DOP,-109172.65,19/03/2026,,11/03/2026,CERVEZA,,5100010626,2026,,01/06/2026,,,Automated,23/03/2026,1
31,Duplicate,account_number|amount_document_currency|document_date|currency_key|company_code,DO02,PMX03,,BGB1116316,1116316,-366883.44,-366883,DOP,-109172.65,18/03/2026,,11/03/2026,CORONA EXTRA 6 PACK 24/330 ML MAZ,,5100010044,2026,,01/06/2026,,,Automated,23/03/2026,1
31,Original,account_number|amount_document_currency|document_date|currency_key|company_code,DO02,PMX03,,BGB1116319,1116319,-366883.44,-366883,DOP,-109172.65,18/03/2026,,11/03/2026,CORONA EXTRA 6 PACK 24/330 ML MAZ,,5100010374,2026,,01/06/2026,,,Automated,23/03/2026,1
30,Duplicate,account_number|amount_document_currency|document_date|currency_key|company_code,DO02,PMX02,,BCB566097,566097,-285185.88,-285185,DOP,-84862.1,19/03/2026,,03/02/2026,,,5100010322,2026,,01/06/2026,,,Automated,23/03/2026,1
30,Duplicate,account_number|amount_document_currency|document_date|currency_key|company_code,DO02,PMX02,,BCB566098,566098,-285185.88,-285185,DOP,-84862.1,18/03/2026,,03/02/2026,,,5100009932,2026,,01/05/2026,,,Automated,23/03/2026,1
30,Duplicate,account_number|amount_document_currency|document_date|currency_key|company_code,DO02,PMX02,,BCB566114,566114,-285185.88,-285185,DOP,-84862.1,18/03/2026,,03/02/2026,,,5100010760,2026,,01/05/2026,,,Automated,23/03/2026,1
32,Duplicate,account_number|amount_document_currency|document_date|currency_key|company_code,DO02,PMX03,,BGB1116303,1116303,-366883.44,-366883,DOP,-109172.65,19/03/2026,,10/03/2026,CERVEZA,,5100010890,2026,,01/06/2026,,,Automated,23/03/2026,1
30,Duplicate,account_number|amount_document_currency|document_date|currency_key|company_code,DO02,PMX02,,BCB566112,566112,-285185.88,-285185,DOP,-84862.1,18/03/2026,,03/02/2026,,,5100010667,2026,,01/05/2026,,,Automated,23/03/2026,1
30,Original,account_number|amount_document_currency|document_date|currency_key|company_code,DO02,PMX02,,BCB566113,566113,-285185.88,-285185,DOP,-84862.1,18/03/2026,,03/02/2026,,,5100010765,2026,,01/05/2026,,,Automated,23/03/2026,1
29,Duplicate,account_number|amount_document_currency|document_date|currency_key|company_code,DO02,PMX02,,BCB566090,566090,-285185.88,-285185,DOP,-84862.1,19/03/2026,,31/01/2026,,,5100010855,2026,,01/06/2026,,,Automated,23/03/2026,1
29,Original,account_number|amount_document_currency|document_date|currency_key|company_code,DO02,PMX02,,BCB566092,566092,-285185.88,-285185,DOP,-84862.1,18/03/2026,,31/01/2026,CREVEZA,,5100010232,2026,,01/05/2026,,,Automated,23/03/2026,1
28,Duplicate,account_number|amount_document_currency|document_date|currency_key|company_code,DO02,PMX02,,BCB566134,566134,-285185.88,-285185,DOP,-84862.1,19/03/2026,,04/02/2026,,,5100009404,2026,,01/06/2026,,,Automated,23/03/2026,1
28,Duplicate,account_number|amount_document_currency|document_date|currency_key|company_code,DO02,PMX02,,BCB566151,566151,-285185.88,-285185,DOP,-84862.1,19/03/2026,,04/02/2026,,,5100010950,2026,,01/05/2026,,,Automated,23/03/2026,1
28,Duplicate,account_number|amount_document_currency|document_date|currency_key|company_code,DO02,PMX02,,BCB566146,566146,-285185.88,-285185,DOP,-84862.1,19/03/2026,,04/02/2026,,,5100010851,2026,,01/05/2026,,,Automated,23/03/2026,1
28,Duplicate,account_number|amount_document_currency|document_date|currency_key|company_code,DO02,PMX02,,BCB566117,566117,-285185.88,-285185,DOP,-84862.1,19/03/2026,,04/02/2026,,,5100010955,2026,,01/06/2026,,,Automated,23/03/2026,1
28,Duplicate,account_number|amount_document_currency|document_date|currency_key|company_code,DO02,PMX02,,BCB566120,566120,-285185.88,-285185,DOP,-84862.1,19/03/2026,,04/02/2026,,,5100010840,2026,,01/05/2026,,,Automated,23/03/2026,1
30,Duplicate,account_number|amount_document_currency|document_date|currency_key|company_code,DO02,PMX02,,BCB566100,566100,-285185.88,-285185,DOP,-84862.1,18/03/2026,,03/02/2026,,,5100010810,2026,,01/05/2026,,,Automated,23/03/2026,1
28,Duplicate,account_number|amount_document_currency|document_date|currency_key|company_code,DO02,PMX02,,BCB566128,566128,-285185.88,-285185,DOP,-84862.1,19/03/2026,,04/02/2026,,,5100010601,2026,,01/06/2026,,,Automated,23/03/2026,1
32,Duplicate,account_number|amount_document_currency|document_date|currency_key|company_code,DO02,PMX03,,BGB1116302,1116302,-366883.44,-366883,DOP,-109172.65,19/03/2026,,10/03/2026,CERVEZA,,5100010561,2026,,01/06/2026,,,Automated,23/03/2026,1
33,Duplicate,account_number|amount_document_currency|document_date|currency_key|company_code,DO02,PMX02,,BCB566491,566491,-285185.88,-285185,DOP,-84862.1,19/03/2026,,14/02/2026,,,5100010228,2026,,01/05/2026,,,Automated,23/03/2026,1
34,Duplicate,account_number|amount_document_currency|document_date|currency_key|company_code,DO02,PMX02,,BCB566359,566359,-285185.88,-285185,DOP,-84862.1,19/03/2026,,11/02/2026,,,5100010892,2026,,01/05/2026,,,Automated,23/03/2026,1
34,Duplicate,account_number|amount_document_currency|document_date|currency_key|company_code,DO02,PMX02,,BCB566365,566365,-285185.88,-285185,DOP,-84862.1,19/03/2026,,11/02/2026,,,5100010352,2026,,01/05/2026,,,Automated,23/03/2026,1
34,Duplicate,account_number|amount_document_currency|document_date|currency_key|company_code,DO02,PMX02,,BCB566339,566339,-285185.88,-285185,DOP,-84862.1,19/03/2026,,11/02/2026,,,5100009837,2026,,01/05/2026,,,Automated,23/03/2026,1
34,Duplicate,account_number|amount_document_currency|document_date|currency_key|company_code,DO02,PMX02,,BCB566350,566350,-285185.88,-285185,DOP,-84862.1,19/03/2026,,11/02/2026,,,5100010980,2026,,01/05/2026,,,Automated,23/03/2026,1
34,Duplicate,account_number|amount_document_currency|document_date|currency_key|company_code,DO02,PMX02,,BCB566341,566341,-285185.88,-285185,DOP,-84862.1,19/03/2026,,11/02/2026,,,5100010985,2026,,01/05/2026,,,Automated,23/03/2026,1
34,Duplicate,account_number|amount_document_currency|document_date|currency_key|company_code,DO02,PMX02,,BCB566358,566358,-285185.88,-285185,DOP,-84862.1,19/03/2026,,11/02/2026,,,5100009433,2026,,01/05/2026,,,Automated,23/03/2026,1
34,Duplicate,account_number|amount_document_currency|document_date|currency_key|company_code,DO02,PMX02,,BCB566366,566366,-285185.88,-285185,DOP,-84862.1,19/03/2026,,11/02/2026,,,5100010960,2026,,01/05/2026,,,Automated,23/03/2026,1
34,Duplicate,account_number|amount_document_currency|document_date|currency_key|company_code,DO02,PMX02,,BCB566354,566354,-285185.88,-285185,DOP,-84862.1,19/03/2026,,11/02/2026,,,5100010975,2026,,01/05/2026,,,Automated,23/03/2026,1
33,Original,account_number|amount_document_currency|document_date|currency_key|company_code,DO02,PMX02,,BCB566472,566472,-285185.88,-285185,DOP,-84862.1,19/03/2026,,14/02/2026,,,5100010503,2026,,01/05/2026,,,Automated,23/03/2026,1
34,Duplicate,account_number|amount_document_currency|document_date|currency_key|company_code,DO02,PMX02,,BCB566352,566352,-285185.88,-285185,DOP,-84862.1,19/03/2026,,11/02/2026,,,5100010631,2026,,01/05/2026,,,Automated,23/03/2026,1
34,Duplicate,account_number|amount_document_currency|document_date|currency_key|company_code,DO02,PMX02,,BCB566357,566357,-285185.88,-285185,DOP,-84862.1,19/03/2026,,11/02/2026,,,5100010698,2026,,01/05/2026,,,Automated,23/03/2026,1
34,Duplicate,account_number|amount_document_currency|document_date|currency_key|company_code,DO02,PMX02,,BCB566355,566355,-285185.88,-285185,DOP,-84862.1,19/03/2026,,11/02/2026,,,5100009619,2026,,01/05/2026,,,Automated,23/03/2026,1
34,Duplicate,account_number|amount_document_currency|document_date|currency_key|company_code,DO02,PMX02,,BCB566369,566369,-285185.88,-285185,DOP,-84862.1,19/03/2026,,11/02/2026,,,5100010198,2026,,01/05/2026,,,Automated,23/03/2026,1
34,Original,account_number|amount_document_currency|document_date|currency_key|company_code,DO02,PMX02,,BCB566361,566361,-285185.88,-285185,DOP,-84862.1,19/03/2026,,11/02/2026,,,5100010682,2026,,01/05/2026,,,Automated,23/03/2026,1
33,Duplicate,account_number|amount_document_currency|document_date|currency_key|company_code,DO02,PMX02,,BCB566474,566474,-285185.88,-285185,DOP,-84759.45,20/03/2026,,14/02/2026,,,5100010504,2026,,01/05/2026,,,Automated,23/03/2026,1
33,Duplicate,account_number|amount_document_currency|document_date|currency_key|company_code,DO02,PMX02,,BCB566471,566471,-285185.88,-285185,DOP,-84862.1,19/03/2026,,14/02/2026,,,5100009292,2026,,01/05/2026,,,Automated,23/03/2026,1
33,Duplicate,account_number|amount_document_currency|document_date|currency_key|company_code,DO02,PMX02,,BCB566473,566473,-285185.88,-285185,DOP,-84862.1,19/03/2026,,14/02/2026,,,5100010502,2026,,01/05/2026,,,Automated,23/03/2026,1
33,Duplicate,account_number|amount_document_currency|document_date|currency_key|company_code,DO02,PMX02,,BCB566469,566469,-285185.88,-285185,DOP,-84862.1,19/03/2026,,14/02/2026,,,5100010852,2026,,01/05/2026,,,Automated,23/03/2026,1
34,Duplicate,account_number|amount_document_currency|document_date|currency_key|company_code,DO02,PMX02,,BCB566351,566351,-285185.88,-285185,DOP,-84862.1,19/03/2026,,11/02/2026,,,5100010304,2026,,01/05/2026,,,Automated,23/03/2026,1
22,Duplicate,account_number|amount_document_currency|document_date|currency_key|company_code,DO02,PUSV5,,372910B,372910,-24840.76,-24840,DOP,-411.95,17/03/2026,,06/03/2026,COUNTRY,,5100010470,2026,,01/06/2026,,,Automated,23/03/2026,1
22,Original,account_number|amount_document_currency|document_date|currency_key|company_code,DO02,PUSV5,,372911B,372911,-24840.76,-24840,DOP,-411.95,17/03/2026,,06/03/2026,COUNTRY,,5100008684,2026,,01/06/2026,,,Automated,23/03/2026,1
21,Duplicate,account_number|amount_document_currency|document_date|currency_key|company_code,DO02,PMX02,,BCB566220,566220,-285185.88,-285185,DOP,-84862.1,19/03/2026,,07/02/2026,,,5100010915,2026,,01/05/2026,,,Automated,23/03/2026,1
10,Duplicate,account_number|amount_document_currency|document_date|currency_key|company_code,DO02,PMX02,,BCB566223,566223,-285185.88,-285185,DOP,-81487.5,13/03/2026,,06/01/2026,CERVEZA,,5100009869,2026,,01/06/2026,,,Automated,23/03/2026,1
10,Duplicate,account_number|amount_document_currency|document_date|currency_key|company_code,DO02,PMX02,,BCB566094,566094,-285185.88,-285185,DOP,-81487.5,13/03/2026,,06/01/2026,CERVEZA,,5100010105,2026,,01/06/2026,,,Automated,23/03/2026,1
10,Duplicate,account_number|amount_document_currency|document_date|currency_key|company_code,DO02,PMX02,,BCB565485,565485,-285185.88,-285185,DOP,-81487.5,13/03/2026,,06/01/2026,CERVEZA,,5100009928,2026,,01/06/2026,,,Automated,23/03/2026,1
10,Duplicate,account_number|amount_document_currency|document_date|currency_key|company_code,DO02,PMX02,,BCB566099,566099,-285185.88,-285185,DOP,-81487.5,13/03/2026,,06/01/2026,,,5100009467,2026,,01/06/2026,,,Automated,23/03/2026,1
10,Duplicate,account_number|amount_document_currency|document_date|currency_key|company_code,DO02,PMX02,,BCB566110,566110,-285185.88,-285185,DOP,-81487.5,13/03/2026,,06/01/2026,CERVEZA,,5100009689,2026,,01/06/2026,,,Automated,23/03/2026,1
10,Duplicate,account_number|amount_document_currency|document_date|currency_key|company_code,DO02,PMX02,,BCB566049,566049,-285185.88,-285185,DOP,-81487.5,13/03/2026,,06/01/2026,cerveza,,5100009514,2026,,01/06/2026,,,Automated,23/03/2026,1
10,Duplicate,account_number|reference_w_words|amount_w_cents|currency_key|company_code,DO02,337405,,E310000001176,762355864,-157292.0,-157292,DOP,-157292.0,11/03/2026,,07/01/2026,Alquiler,,5100009480,2026,,01/04/2026,,,Automated,23/03/2026,1
10,Original,account_number|reference_w_words|amount_w_cents|currency_key|company_code,DO02,337405,,E310000001176,762355864,-157292.0,-157292,DOP,-157292.0,11/03/2026,100068630,07/01/2026,Transporte de Lodo seco planta CBSA,,5100009238,2026,,01/06/2026,,,Automated,23/03/2026,1
9,Duplicate,account_number|reference_number|amount_document_currency|document_date|currency_key|company_code,DO02,336657,,FA-1192,1192,-10401570.25,-10401570,DOP,-10401570.25,20/03/2026,,02/02/2026,PATROCINIOS corrección 5100010137,,5100010943,2026,,01/05/2026,,,Automated,23/03/2026,1
9,Duplicate,account_number|reference_number|amount_document_currency|document_date|currency_key|company_code,DO02,336657,,FA-1192,1192,-10401570.25,-10401570,DOP,-10401570.25,18/03/2026,100081738,02/02/2026,PATROCINIOS,,5100010137,2026,,01/06/2026,,,Automated,23/03/2026,1
9,Duplicate,account_number|amount_document_currency|document_date|currency_key|company_code,DO02,PMX02,,BCB566334,566334,-386397.0,-386397,DOP,-112869.04,17/03/2026,,06/01/2026,,,5100009762,2026,,01/06/2026,,,Automated,23/03/2026,1
9,Duplicate,account_number|amount_document_currency|document_date|currency_key|company_code,DO02,PMX02,,BCB566851,566851,-386397.0,-386397,DOP,-112869.04,17/03/2026,,06/01/2026,,,5100009333,2026,,01/06/2026,,,Automated,23/03/2026,1
9,Duplicate,account_number|amount_document_currency|document_date|currency_key|company_code,DO02,PMX02,,BCB565735,565735,-386397.0,-386397,DOP,-110407.03,13/03/2026,,06/01/2026,CERVEZA,,5100009942,2026,,01/06/2026,,,Automated,23/03/2026,1
9,Duplicate,account_number|amount_document_currency|document_date|currency_key|company_code,DO02,PMX02,,BCB565729,565729,-386397.0,-386397,DOP,-110407.03,13/03/2026,,06/01/2026,CERVEZA,,5100010142,2026,,01/06/2026,,,Automated,23/03/2026,1
9,Duplicate,account_number|amount_document_currency|document_date|currency_key|company_code,DO02,PMX02,,BCB565752,565752,-386397.0,-386397,DOP,-110407.03,13/03/2026,,06/01/2026,CERVEZA,,5100010091,2026,,01/06/2026,,,Automated,23/03/2026,1
9,Duplicate,account_number|amount_document_currency|document_date|currency_key|company_code,DO02,PMX02,,BCB565738,565738,-386397.0,-386397,DOP,-110407.03,13/03/2026,,06/01/2026,CERVEZA,,5100009047,2026,,01/06/2026,,,Automated,23/03/2026,1
9,Duplicate,account_number|amount_document_currency|document_date|currency_key|company_code,DO02,PMX02,,BCB565750,565750,-386397.0,-386397,DOP,-110407.03,13/03/2026,,06/01/2026,CERVEZA,,5100010101,2026,,01/06/2026,,,Automated,23/03/2026,1
10,Duplicate,account_number|amount_document_currency|document_date|currency_key|company_code,DO02,PMX02,,BCB566157,566157,-285185.88,-285185,DOP,-81487.5,13/03/2026,,06/01/2026,CERVEZA,,5100009573,2026,,01/06/2026,,,Automated,23/03/2026,1
10,Duplicate,account_number|amount_document_currency|document_date|currency_key|company_code,DO02,PMX02,,BCB566082,566082,-285185.88,-285185,DOP,-81487.5,13/03/2026,,06/01/2026,,,5100010130,2026,,01/06/2026,,,Automated,23/03/2026,1
10,Duplicate,account_number|amount_document_currency|document_date|currency_key|company_code,DO02,PMX02,,BCB566083,566083,-285185.88,-285185,DOP,-81487.5,13/03/2026,,06/01/2026,,,5100010125,2026,,01/06/2026,,,Automated,23/03/2026,1
10,Duplicate,account_number|amount_document_currency|document_date|currency_key|company_code,DO02,PMX02,,BCB566115,566115,-285185.88,-285185,DOP,-81487.5,13/03/2026,,06/01/2026,CERVEZA,,5100009402,2026,,01/06/2026,,,Automated,23/03/2026,1
10,Duplicate,account_number|amount_document_currency|document_date|currency_key|company_code,DO02,PMX02,,BCB566209,566209,-285185.88,-285185,DOP,-83304.62,17/03/2026,,06/01/2026,,,5100009693,2026,,01/04/2026,,,Automated,23/03/2026,1
10,Duplicate,account_number|amount_document_currency|document_date|currency_key|company_code,DO02,PMX02,,BCB566210,566210,-285185.88,-285185,DOP,-83304.62,17/03/2026,,06/01/2026,,,5100010585,2026,,01/04/2026,,,Automated,23/03/2026,1
10,Duplicate,account_number|amount_document_currency|document_date|currency_key|company_code,DO02,PMX02,,BCB566182,566182,-285185.88,-285185,DOP,-83304.62,17/03/2026,,06/01/2026,,,5100010475,2026,,01/04/2026,,,Automated,23/03/2026,1
10,Duplicate,account_number|amount_document_currency|document_date|currency_key|company_code,DO02,PMX02,,BCB566180,566180,-285185.88,-285185,DOP,-83304.62,17/03/2026,,06/01/2026,,,5100010133,2026,,01/04/2026,,,Automated,23/03/2026,1
10,Duplicate,account_number|amount_document_currency|document_date|currency_key|company_code,DO02,PMX02,,BCB566338,566338,-285185.88,-285185,DOP,-83304.62,17/03/2026,,06/01/2026,,,5100008729,2026,,01/04/2026,,,Automated,23/03/2026,1
10,Duplicate,account_number|amount_document_currency|document_date|currency_key|company_code,DO02,PMX02,,BCB566206,566206,-285185.88,-285185,DOP,-83304.62,17/03/2026,,06/01/2026,,,5100010343,2026,,01/04/2026,,,Automated,23/03/2026,1
10,Duplicate,account_number|amount_document_currency|document_date|currency_key|company_code,DO02,PMX02,,BCB566046,566046,-285185.88,-285185,DOP,-81487.5,13/03/2026,,06/01/2026,CERVEZA,,5100009168,2026,,01/06/2026,,,Automated,23/03/2026,1
10,Duplicate,account_number|amount_document_currency|document_date|currency_key|company_code,DO02,PMX02,,BCB566095,566095,-285185.88,-285185,DOP,-81487.5,13/03/2026,,06/01/2026,cerveza,,5100010033,2026,,01/06/2026,,,Automated,23/03/2026,1
9,Duplicate,account_number|amount_document_currency|document_date|currency_key|company_code,DO02,PMX02,,BCB565730,565730,-386397.0,-386397,DOP,-110407.03,13/03/2026,,06/01/2026,CERVEZA,,5100009787,2026,,01/06/2026,,,Automated,23/03/2026,1
10,Duplicate,account_number|amount_document_currency|document_date|currency_key|company_code,DO02,PMX02,,BCB566052,566052,-285185.88,-285185,DOP,-81487.5,13/03/2026,,06/01/2026,,,5100008944,2026,,01/06/2026,,,Automated,23/03/2026,1
10,Duplicate,account_number|amount_document_currency|document_date|currency_key|company_code,DO02,PMX02,,BCB566116,566116,-285185.88,-285185,DOP,-81487.5,13/03/2026,,06/01/2026,CERVEZA,,5100009823,2026,,01/06/2026,,,Automated,23/03/2026,1
10,Duplicate,account_number|amount_document_currency|document_date|currency_key|company_code,DO02,PMX02,,BCB566050,566050,-285185.88,-285185,DOP,-81487.5,13/03/2026,,06/01/2026,,,5100009962,2026,,01/06/2026,,,Automated,23/03/2026,1
10,Duplicate,account_number|amount_document_currency|document_date|currency_key|company_code,DO02,PMX02,,BCB566127,566127,-285185.88,-285185,DOP,-81487.5,13/03/2026,,06/01/2026,cerveza,,5100010100,2026,,01/06/2026,,,Automated,23/03/2026,1
10,Duplicate,account_number|amount_document_currency|document_date|currency_key|company_code,DO02,PMX02,,BCB565871,565871,-285185.88,-285185,DOP,-81487.5,13/03/2026,,06/01/2026,CERVEZA,,5100010195,2026,,01/06/2026,,,Automated,23/03/2026,1
10,Duplicate,account_number|amount_document_currency|document_date|currency_key|company_code,DO02,PMX02,,BCB566111,566111,-285185.88,-285185,DOP,-81487.5,13/03/2026,,06/01/2026,cerveza,,5100009782,2026,,01/06/2026,,,Automated,23/03/2026,1
10,Duplicate,account_number|amount_document_currency|document_date|currency_key|company_code,DO02,PMX02,,BCB566224,566224,-285185.88,-285185,DOP,-81487.5,13/03/2026,,06/01/2026,CERVEZA,,5100009582,2026,,01/06/2026,,,Automated,23/03/2026,1
10,Duplicate,account_number|amount_document_currency|document_date|currency_key|company_code,DO02,PMX02,,BCB566047,566047,-285185.88,-285185,DOP,-81487.5,13/03/2026,,06/01/2026,CERVEZA,,5100009939,2026,,01/06/2026,,,Automated,23/03/2026,1
10,Duplicate,account_number|amount_document_currency|document_date|currency_key|company_code,DO02,PMX02,,BCB566048,566048,-285185.88,-285185,DOP,-81487.5,13/03/2026,,06/01/2026,CERVEZA,,5100010150,2026,,01/06/2026,,,Automated,23/03/2026,1
10,Duplicate,account_number|amount_document_currency|document_date|currency_key|company_code,DO02,PMX02,,BCB566093,566093,-285185.88,-285185,DOP,-81487.5,13/03/2026,,06/01/2026,,,5100009453,2026,,01/06/2026,,,Automated,23/03/2026,1
9,Duplicate,account_number|amount_document_currency|document_date|currency_key|company_code,DO02,PMX02,,BCB565765,565765,-386397.0,-386397,DOP,-110407.03,13/03/2026,,06/01/2026,CERVEZA,,5100010135,2026,,01/06/2026,,,Automated,23/03/2026,1
9,Duplicate,account_number|amount_document_currency|document_date|currency_key|company_code,DO02,PMX02,,BCB565736,565736,-386397.0,-386397,DOP,-110407.03,13/03/2026,,06/01/2026,CERVEZA,,5100009561,2026,,01/06/2026,,,Automated,23/03/2026,1
9,Duplicate,account_number|amount_document_currency|document_date|currency_key|company_code,DO02,PMX02,,BCB565764,565764,-386397.0,-386397,DOP,-110407.03,13/03/2026,,06/01/2026,cerveza,,5100009169,2026,,01/06/2026,,,Automated,23/03/2026,1
4,Duplicate,account_number|reference_w_words|amount_document_currency|document_date|currency_key|company_code,DO02,336657,,FA-1192,1192,-10401570.25,-10401570,DOP,-10401570.25,20/03/2026,,02/02/2026,PATROCINIOS corrección 5100010137,,5100010943,2026,,01/05/2026,,,Automated,23/03/2026,1
4,Duplicate,account_number|reference_w_words|amount_document_currency|document_date|currency_key|company_code,DO02,336657,,FA-1192,1192,-10401570.25,-10401570,DOP,-10401570.25,18/03/2026,100081738,02/02/2026,PATROCINIOS,,5100010137,2026,,01/06/2026,,,Automated,23/03/2026,1
4,Duplicate,account_number|amount_document_currency|document_date|currency_key|company_code,DO02,12686565,,93850,93850,-50710.52,-50710,DOP,-828.98,10/03/2026,,25/02/2026,,,5100008393,2026,,05/04/2026,,,Automated,23/03/2026,1
4,Duplicate,account_number|amount_document_currency|document_date|currency_key|company_code,DO02,12686565,,93846,93846,-50710.52,-50710,DOP,-828.98,10/03/2026,,25/02/2026,,,5100009173,2026,,05/04/2026,,,Automated,23/03/2026,1
4,Duplicate,account_number|amount_document_currency|document_date|currency_key|company_code,DO02,12686565,,93841,93841,-50710.52,-50710,DOP,-828.98,10/03/2026,,25/02/2026,,,5100009256,2026,,05/04/2026,,,Automated,23/03/2026,1
4,Duplicate,account_number|amount_document_currency|document_date|currency_key|company_code,DO02,12686565,,93842,93842,-50710.52,-50710,DOP,-828.98,10/03/2026,,25/02/2026,,,5100007628,2026,,05/04/2026,,,Automated,23/03/2026,1
4,Original,account_number|amount_document_currency|document_date|currency_key|company_code,DO02,12686565,,93848,93848,-50710.52,-50710,DOP,-828.98,10/03/2026,,25/02/2026,,,5100009221,2026,,05/04/2026,,,Automated,23/03/2026,1
3,Duplicate,account_number|reference_w_words|document_date|amount_document_currency|currency_key|company_code,DO02,336657,,FA-1192,1192,-10401570.25,-10401570,DOP,-10401570.25,20/03/2026,,02/02/2026,PATROCINIOS corrección 5100010137,,5100010943,2026,,01/05/2026,,,Automated,23/03/2026,1
5,Original,account_number|amount_document_currency|document_date|currency_key|company_code,DO02,337243,,1100107472,1100107472,-10953.36,-10953,DOP,-177.37,11/03/2026,,27/02/2026,C2642_317P_ENV CORONA 330ML NR RD,,5100009516,2026,,01/07/2026,,,Automated,23/03/2026,1
3,Duplicate,account_number|reference_w_words|document_date|amount_document_currency|currency_key|company_code,DO02,336657,,FA-1192,1192,-10401570.25,-10401570,DOP,-10401570.25,18/03/2026,100081738,02/02/2026,PATROCINIOS,,5100010137,2026,,01/06/2026,,,Automated,23/03/2026,1
3,Original,account_number|reference_number|amount_w_cents|document_date|currency_key|company_code,DO02,337308,,140474,140474,-1199.52,-1199,DOP,-19.61,10/03/2026,100066713,01/12/2025,Solenoid,,5100009236,2026,,01/09/2026,,,Automated,23/03/2026,1
2,Duplicate,account_number|reference_w_words|document_date|amount_document_currency|currency_key|company_code,DO02,337047,,711,711,-1444657.44,-1444657,DOP,-1444657.44,20/03/2026,,27/12/2025,Presupuesto Exploracion de Elementos tan,,5100011070,2026,,01/05/2026,,,Automated,23/03/2026,1
2,Duplicate,account_number|reference_w_words|document_date|amount_document_currency|currency_key|company_code,DO02,337047,,711,711,-1444657.44,-1444657,DOP,-1444657.44,12/03/2026,100081073,27/12/2025,Exploración,,5100007507,2026,,01/08/2026,,,Automated,23/03/2026,1
2,Duplicate,account_number|reference_w_words|amount_document_currency|document_date|currency_key|company_code,DO02,337308,,140474,140474,-1199.52,-1199,DOP,-19.61,10/03/2026,,01/12/2025,SOLENOID VALVE RHT25-SS HP CONTROL,,5100009410,2026,,01/06/2026,,,Automated,23/03/2026,1
2,Original,account_number|reference_w_words|amount_document_currency|document_date|currency_key|company_code,DO02,337308,,140474,140474,-1199.52,-1199,DOP,-19.61,10/03/2026,100066713,01/12/2025,Solenoid,,5100009236,2026,,01/09/2026,,,Automated,23/03/2026,1
1,Duplicate,account_number|reference_w_words|document_date|amount_document_currency|currency_key|company_code,DO02,337405,,E310000001176,762355864,-157292.0,-157292,DOP,-157292.0,11/03/2026,,07/01/2026,Alquiler,,5100009480,2026,,01/04/2026,,,Automated,23/03/2026,1
1,Duplicate,account_number|reference_w_words|document_date|amount_document_currency|currency_key|company_code,DO02,337405,,E310000001176,762355864,-157292.0,-157292,DOP,-157292.0,11/03/2026,100068630,07/01/2026,Transporte de Lodo seco planta CBSA,,5100009238,2026,,01/06/2026,,,Automated,23/03/2026,1
1,Duplicate,account_number|reference_w_words|document_date|amount_document_currency|currency_key|company_code,DO02,337308,,140474,140474,-1199.52,-1199,DOP,-19.61,10/03/2026,,01/12/2025,SOLENOID VALVE RHT25-SS HP CONTROL,,5100009410,2026,,01/06/2026,,,Automated,23/03/2026,1
3,Duplicate,account_number|reference_number|amount_w_cents|document_date|currency_key|company_code,DO02,337308,,140474,140474,-1199.52,-1199,DOP,-19.61,10/03/2026,,01/12/2025,SOLENOID VALVE RHT25-SS HP CONTROL,,5100009410,2026,,01/06/2026,,,Automated,23/03/2026,1
10,Duplicate,account_number|amount_document_currency|document_date|currency_key|company_code,DO02,PMX02,,BCB566193,566193,-285185.88,-285185,DOP,-83304.62,17/03/2026,,06/01/2026,,,5100010301,2026,,01/04/2026,,,Automated,23/03/2026,1
5,Duplicate,account_number|amount_document_currency|document_date|currency_key|company_code,DO02,337243,,1100107470,1100107470,-10953.36,-10953,DOP,-177.37,11/03/2026,,27/02/2026,C2642_317P_ENV CORONA 330ML NR RD,,5100009595,2026,,01/07/2026,,,Automated,23/03/2026,1
5,Duplicate,account_number|reference_number|amount_w_cents|document_date|currency_key|company_code,DO02,337047,,711,711,-1444657.44,-1444657,DOP,-1444657.44,20/03/2026,,27/12/2025,Presupuesto Exploracion de Elementos tan,,5100011070,2026,,01/05/2026,,,Automated,23/03/2026,1
9,Duplicate,account_number|amount_document_currency|document_date|currency_key|company_code,DO02,PMX02,,BCB565732,565732,-386397.0,-386397,DOP,-110407.03,13/03/2026,,06/01/2026,CERVEZA,,5100010205,2026,,01/06/2026,,,Automated,23/03/2026,1
9,Duplicate,account_number|amount_document_currency|document_date|currency_key|company_code,DO02,PMX02,,BCB565731,565731,-386397.0,-386397,DOP,-110407.03,13/03/2026,,06/01/2026,CERVEZA,,5100009602,2026,,01/06/2026,,,Automated,23/03/2026,1
9,Duplicate,account_number|amount_document_currency|document_date|currency_key|company_code,DO02,PMX02,,BCB565728,565728,-386397.0,-386397,DOP,-110407.03,13/03/2026,,06/01/2026,CERVEZA,,5100010210,2026,,01/06/2026,,,Automated,23/03/2026,1
9,Original,account_number|amount_document_currency|document_date|currency_key|company_code,DO02,PMX02,,BCB565751,565751,-386397.0,-386397,DOP,-110407.03,13/03/2026,,06/01/2026,CERVEZA,,5100009773,2026,,01/06/2026,,,Automated,23/03/2026,1
8,Duplicate,account_number|reference_number|amount_document_currency|document_date|currency_key|company_code,DO02,337047,,711,711,-1444657.44,-1444657,DOP,-1444657.44,20/03/2026,,27/12/2025,Presupuesto Exploracion de Elementos tan,,5100011070,2026,,01/05/2026,,,Automated,23/03/2026,1
8,Duplicate,account_number|amount_document_currency|document_date|currency_key|company_code,DO02,337379,,DOIM0417793,417793,-681.0,-681,DOP,-10.92,12/03/2026,,04/02/2026,TLLU4796968,,5100009413,2026,,05/06/2026,,,Automated,23/03/2026,1
8,Duplicate,account_number|amount_document_currency|document_date|currency_key|company_code,DO02,337379,,DOIM0417801,417801,-681.0,-681,DOP,-10.92,12/03/2026,,04/02/2026,Beer,,5100009343,2026,,05/06/2026,,,Automated,23/03/2026,1
8,Original,account_number|reference_number|amount_document_currency|document_date|currency_key|company_code,DO02,337047,,711,711,-1444657.44,-1444657,DOP,-1444657.44,12/03/2026,100081073,27/12/2025,Exploración,,5100007507,2026,,01/08/2026,,,Automated,23/03/2026,1
5,Duplicate,account_number|reference_number|amount_w_cents|document_date|currency_key|company_code,DO02,337047,,711,711,-1444657.44,-1444657,DOP,-1444657.44,12/03/2026,100081073,27/12/2025,Exploración,,5100007507,2026,,01/08/2026,,,Automated,23/03/2026,1
7,Duplicate,account_number|amount_document_currency|document_date|currency_key|company_code,DO02,337268,,FD00271505,271505,-2220.0,-2220,DOP,-35.61,12/03/2026,,14/11/2025,TERMINAL,,5100009915,2026,,05/04/2026,,,Automated,23/03/2026,1
7,Duplicate,account_number|reference_number|amount_document_currency|document_date|currency_key|company_code,DO02,337405,,E310000001176,762355864,-157292.0,-157292,DOP,-157292.0,11/03/2026,,07/01/2026,Alquiler,,5100009480,2026,,01/04/2026,,,Automated,23/03/2026,1
7,Original,account_number|reference_number|amount_document_currency|document_date|currency_key|company_code,DO02,337405,,E310000001176,762355864,-157292.0,-157292,DOP,-157292.0,11/03/2026,100068630,07/01/2026,Transporte de Lodo seco planta CBSA,,5100009238,2026,,01/06/2026,,,Automated,23/03/2026,1
6,Duplicate,account_number|reference_number|amount_w_cents|document_date|currency_key|company_code,DO02,336657,,FA-1192,1192,-10401570.25,-10401570,DOP,-10401570.25,20/03/2026,,02/02/2026,PATROCINIOS corrección 5100010137,,5100010943,2026,,01/05/2026,,,Automated,23/03/2026,1
6,Duplicate,account_number|reference_number|amount_w_cents|document_date|currency_key|company_code,DO02,336657,,FA-1192,1192,-10401570.25,-10401570,DOP,-10401570.25,18/03/2026,100081738,02/02/2026,PATROCINIOS,,5100010137,2026,,01/06/2026,,,Automated,23/03/2026,1
6,Duplicate,account_number|amount_document_currency|document_date|currency_key|company_code,DO02,PUSV5,,361794B,361794,-30104.76,-30104,DOP,-482.26,13/03/2026,,03/03/2026,,,5100010206,2026,,01/06/2026,,,Automated,23/03/2026,1
6,Duplicate,account_number|amount_document_currency|document_date|currency_key|company_code,DO02,PUSV5,,361791B,361791,-30104.76,-30104,DOP,-482.84,12/03/2026,,03/03/2026,COUNTRY,,5100009711,2026,,01/06/2026,,,Automated,23/03/2026,1
6,Duplicate,account_number|amount_document_currency|document_date|currency_key|company_code,DO02,PUSV5,,361799B,361799,-30104.76,-30104,DOP,-482.84,12/03/2026,,03/03/2026,"MICH ULTR OW 4X6 0,355L BASK US DEP",,5100009887,2026,,01/06/2026,,,Automated,23/03/2026,1
6,Original,account_number|amount_document_currency|document_date|currency_key|company_code,DO02,PUSV5,,361797B,361797,-30104.76,-30104,DOP,-482.84,12/03/2026,,03/03/2026,"MICH ULTR OW 4X6 0,355L BASK US DEP",,5100009910,2026,,01/06/2026,,,Automated,23/03/2026,1
7,Duplicate,account_number|amount_document_currency|document_date|currency_key|company_code,DO02,337268,,FD00271504,271504,-2220.0,-2220,DOP,-35.61,12/03/2026,,14/11/2025,TERMINAL,,5100009794,2026,,05/04/2026,,,Automated,23/03/2026,1
10,Duplicate,account_number|amount_document_currency|document_date|currency_key|company_code,DO02,PMX02,,BCB566197,566197,-285185.88,-285185,DOP,-84862.1,19/03/2026,,06/01/2026,,,5100010697,2026,,01/04/2026,,,Automated,23/03/2026,1
11,Original,account_number|reference_w_words|amount_w_cents|currency_key|company_code,DO02,337047,,711,711,-1444657.44,-1444657,DOP,-1444657.44,12/03/2026,100081073,27/12/2025,Exploración,,5100007507,2026,,01/08/2026,,,Automated,23/03/2026,1
11,Duplicate,account_number|amount_document_currency|document_date|currency_key|company_code,DO02,PMX02,,BCB565932,565932,-377810.4,-377810,DOP,-107953.54,13/03/2026,,06/01/2026,cerveza,,5100010175,2026,,01/06/2026,,,Automated,23/03/2026,1
18,Duplicate,account_number|amount_document_currency|document_date|currency_key|company_code,DO02,PMX02,,BCB566162,566162,-285185.88,-285185,DOP,-84862.1,18/03/2026,,05/02/2026,,,5100010488,2026,,01/05/2026,,,Automated,23/03/2026,1
18,Duplicate,account_number|amount_document_currency|document_date|currency_key|company_code,DO02,PMX02,,BCB566163,566163,-285185.88,-285185,DOP,-84862.1,18/03/2026,,05/02/2026,,,5100010690,2026,,01/05/2026,,,Automated,23/03/2026,1
18,Duplicate,account_number|amount_document_currency|document_date|currency_key|company_code,DO02,PMX02,,BCB566184,566184,-285185.88,-285185,DOP,-84862.1,18/03/2026,,05/02/2026,,,5100010407,2026,,01/05/2026,,,Automated,23/03/2026,1
18,Duplicate,account_number|amount_document_currency|document_date|currency_key|company_code,DO02,PMX02,,BCB566156,566156,-285185.88,-285185,DOP,-84862.1,18/03/2026,,05/02/2026,,,5100010655,2026,,01/05/2026,,,Automated,23/03/2026,1
18,Duplicate,account_number|amount_document_currency|document_date|currency_key|company_code,DO02,PMX02,,BCB566170,566170,-285185.88,-285185,DOP,-84862.1,18/03/2026,,05/02/2026,,,5100010795,2026,,01/05/2026,,,Automated,23/03/2026,1
18,Duplicate,account_number|amount_document_currency|document_date|currency_key|company_code,DO02,PMX02,,BCB566160,566160,-285185.88,-285185,DOP,-84862.1,18/03/2026,,05/02/2026,,,5100010656,2026,,01/05/2026,,,Automated,23/03/2026,1
18,Duplicate,account_number|amount_document_currency|document_date|currency_key|company_code,DO02,PMX02,,BCB566158,566158,-285185.88,-285185,DOP,-84862.1,18/03/2026,,05/02/2026,,,5100010583,2026,,01/06/2026,,,Automated,23/03/2026,1
18,Duplicate,account_number|amount_document_currency|document_date|currency_key|company_code,DO02,PMX02,,BCB566159,566159,-285185.88,-285185,DOP,-84862.1,18/03/2026,,05/02/2026,,,5100010196,2026,,01/05/2026,,,Automated,23/03/2026,1
18,Duplicate,account_number|amount_document_currency|document_date|currency_key|company_code,DO02,PMX02,,BCB566164,566164,-285185.88,-285185,DOP,-84862.1,19/03/2026,,05/02/2026,,,5100010940,2026,,01/05/2026,,,Automated,23/03/2026,1
18,Duplicate,account_number|amount_document_currency|document_date|currency_key|company_code,DO02,PMX02,,BCB566161,566161,-285185.88,-285185,DOP,-84862.1,18/03/2026,,05/02/2026,,,5100009031,2026,,01/05/2026,,,Automated,23/03/2026,1
18,Duplicate,account_number|amount_document_currency|document_date|currency_key|company_code,DO02,PMX02,,BCB566181,566181,-285185.88,-285185,DOP,-83304.62,17/03/2026,,05/02/2026,,,5100009208,2026,,01/05/2026,,,Automated,23/03/2026,1
18,Duplicate,account_number|amount_document_currency|document_date|currency_key|company_code,DO02,PMX02,,BCB566192,566192,-285185.88,-285185,DOP,-83304.62,17/03/2026,,05/02/2026,,,5100010167,2026,,01/05/2026,,,Automated,23/03/2026,1
18,Duplicate,account_number|amount_document_currency|document_date|currency_key|company_code,DO02,PMX02,,BCB566173,566173,-285185.88,-285185,DOP,-83304.62,17/03/2026,,05/02/2026,,,5100009649,2026,,01/05/2026,,,Automated,23/03/2026,1
18,Duplicate,account_number|amount_document_currency|document_date|currency_key|company_code,DO02,PMX02,,BCB566175,566175,-285185.88,-285185,DOP,-83304.62,17/03/2026,,05/02/2026,,,5100009902,2026,,01/05/2026,,,Automated,23/03/2026,1
18,Duplicate,account_number|amount_document_currency|document_date|currency_key|company_code,DO02,PMX02,,BCB566191,566191,-285185.88,-285185,DOP,-83304.62,17/03/2026,,05/02/2026,,,5100009283,2026,,01/05/2026,,,Automated,23/03/2026,1
18,Duplicate,account_number|amount_document_currency|document_date|currency_key|company_code,DO02,PMX02,,BCB566179,566179,-285185.88,-285185,DOP,-83304.62,17/03/2026,,05/02/2026,,,5100009549,2026,,01/05/2026,,,Automated,23/03/2026,1
18,Duplicate,account_number|amount_document_currency|document_date|currency_key|company_code,DO02,PMX02,,BCB566190,566190,-285185.88,-285185,DOP,-83304.62,17/03/2026,,05/02/2026,,,5100010356,2026,,01/05/2026,,,Automated,23/03/2026,1
18,Duplicate,account_number|amount_document_currency|document_date|currency_key|company_code,DO02,PMX02,,BCB566167,566167,-285185.88,-285185,DOP,-83304.62,17/03/2026,,05/02/2026,,,5100010487,2026,,01/05/2026,,,Automated,23/03/2026,1
18,Duplicate,account_number|amount_document_currency|document_date|currency_key|company_code,DO02,PMX02,,BCB566183,566183,-285185.88,-285185,DOP,-83304.62,17/03/2026,,05/02/2026,,,5100010630,2026,,01/05/2026,,,Automated,23/03/2026,1
18,Duplicate,account_number|amount_document_currency|document_date|currency_key|company_code,DO02,PMX02,,BCB566187,566187,-285185.88,-285185,DOP,-83304.62,17/03/2026,,05/02/2026,,,5100010471,2026,,01/05/2026,,,Automated,23/03/2026,1
18,Duplicate,account_number|amount_document_currency|document_date|currency_key|company_code,DO02,PMX02,,BCB566186,566186,-285185.88,-285185,DOP,-84862.1,19/03/2026,,05/02/2026,,,5100010056,2026,,01/05/2026,,,Automated,23/03/2026,1
19,Original,account_number|amount_document_currency|document_date|currency_key|company_code,DO02,PMX02,,BCB566195,566195,-285185.88,-285185,DOP,-83304.62,17/03/2026,,06/02/2026,,,5100010515,2026,,01/05/2026,,,Automated,23/03/2026,1
21,Duplicate,account_number|amount_document_currency|document_date|currency_key|company_code,DO02,PMX02,,BCB566226,566226,-285185.88,-285185,DOP,-84862.1,19/03/2026,,07/02/2026,,,5100010871,2026,,01/05/2026,,,Automated,23/03/2026,1
21,Duplicate,account_number|amount_document_currency|document_date|currency_key|company_code,DO02,PMX02,,BCB566221,566221,-285185.88,-285185,DOP,-84862.1,19/03/2026,,07/02/2026,,,5100010910,2026,,01/05/2026,,,Automated,23/03/2026,1
21,Duplicate,account_number|amount_document_currency|document_date|currency_key|company_code,DO02,PMX02,,BCB566215,566215,-285185.88,-285185,DOP,-84862.1,19/03/2026,,07/02/2026,,,5100010897,2026,,01/05/2026,,,Automated,23/03/2026,1
21,Duplicate,account_number|amount_document_currency|document_date|currency_key|company_code,DO02,PMX02,,BCB566219,566219,-285185.88,-285185,DOP,-84862.1,19/03/2026,,07/02/2026,,,5100009618,2026,,01/05/2026,,,Automated,23/03/2026,1
21,Duplicate,account_number|amount_document_currency|document_date|currency_key|company_code,DO02,PMX02,,BCB566225,566225,-285185.88,-285185,DOP,-84862.1,19/03/2026,,07/02/2026,,,5100010900,2026,,01/05/2026,,,Automated,23/03/2026,1
21,Duplicate,account_number|amount_document_currency|document_date|currency_key|company_code,DO02,PMX02,,BCB566229,566229,-285185.88,-285185,DOP,-83304.62,17/03/2026,,07/02/2026,,,5100010272,2026,,01/05/2026,,,Automated,23/03/2026,1
21,Duplicate,account_number|amount_document_currency|document_date|currency_key|company_code,DO02,PMX02,,BCB566228,566228,-285185.88,-285185,DOP,-83304.62,17/03/2026,,07/02/2026,,,5100007399,2026,,01/05/2026,,,Automated,23/03/2026,1
21,Duplicate,account_number|amount_document_currency|document_date|currency_key|company_code,DO02,PMX02,,BCB566227,566227,-285185.88,-285185,DOP,-83304.62,17/03/2026,,07/02/2026,,,5100009827,2026,,01/05/2026,,,Automated,23/03/2026,1
18,Duplicate,account_number|amount_document_currency|document_date|currency_key|company_code,DO02,PMX02,,BCB566178,566178,-285185.88,-285185,DOP,-84759.45,20/03/2026,,05/02/2026,,,5100009844,2026,,01/05/2026,,,Automated,23/03/2026,1
21,Duplicate,account_number|amount_document_currency|document_date|currency_key|company_code,DO02,PMX02,,BCB566222,566222,-285185.88,-285185,DOP,-83304.62,17/03/2026,,07/02/2026,,,5100010074,2026,,01/05/2026,,,Automated,23/03/2026,1
20,Duplicate,account_number|amount_document_currency|document_date|currency_key|company_code,DO02,PUSV5,,364796B,364796,-30104.76,-30104,DOP,-490.68,17/03/2026,,04/03/2026,,,5100010317,2026,,01/06/2026,,,Automated,23/03/2026,1
20,Original,account_number|amount_document_currency|document_date|currency_key|company_code,DO02,PUSV5,,364804B,364804,-30104.76,-30104,DOP,-499.24,17/03/2026,,04/03/2026,COUNTRY,,5100010433,2026,,01/06/2026,,,Automated,23/03/2026,1
19,Duplicate,account_number|amount_document_currency|document_date|currency_key|company_code,DO02,PMX02,,BCB566185,566185,-285185.88,-285185,DOP,-84862.1,19/03/2026,,06/02/2026,,,5100010935,2026,,01/05/2026,,,Automated,23/03/2026,1
19,Duplicate,account_number|amount_document_currency|document_date|currency_key|company_code,DO02,PMX02,,BCB566207,566207,-285185.88,-285185,DOP,-84862.1,19/03/2026,,06/02/2026,,,5100009733,2026,,01/05/2026,,,Automated,23/03/2026,1
19,Duplicate,account_number|amount_document_currency|document_date|currency_key|company_code,DO02,PMX02,,BCB566199,566199,-285185.88,-285185,DOP,-83304.62,17/03/2026,,06/02/2026,,,5100010466,2026,,01/05/2026,,,Automated,23/03/2026,1
19,Duplicate,account_number|amount_document_currency|document_date|currency_key|company_code,DO02,PMX02,,BCB566198,566198,-285185.88,-285185,DOP,-83304.62,17/03/2026,,06/02/2026,,,5100010288,2026,,01/05/2026,,,Automated,23/03/2026,1
19,Duplicate,account_number|amount_document_currency|document_date|currency_key|company_code,DO02,PMX02,,BCB566208,566208,-285185.88,-285185,DOP,-83304.62,17/03/2026,,06/02/2026,,,5100010590,2026,,01/05/2026,,,Automated,23/03/2026,1
19,Duplicate,account_number|amount_document_currency|document_date|currency_key|company_code,DO02,PMX02,,BCB566196,566196,-285185.88,-285185,DOP,-83304.62,17/03/2026,,06/02/2026,,,5100010510,2026,,01/05/2026,,,Automated,23/03/2026,1
21,Original,account_number|amount_document_currency|document_date|currency_key|company_code,DO02,PMX02,,BCB566218,566218,-285185.88,-285185,DOP,-83304.62,17/03/2026,,07/02/2026,,,5100010505,2026,,01/05/2026,,,Automated,23/03/2026,1
39,Duplicate,account_number|amount_document_currency|document_date|currency_key|company_code,DO02,PMX02,,BCB566607,566607,-386397.0,-386397,DOP,-114840.18,20/03/2026,,17/02/2026,,,5100011086,2026,,01/05/2026,,,Automated,23/03/2026,1
18,Duplicate,account_number|amount_document_currency|document_date|currency_key|company_code,DO02,PMX02,,BCB566171,566171,-285185.88,-285185,DOP,-83304.62,17/03/2026,,05/02/2026,,,5100010645,2026,,01/05/2026,,,Automated,23/03/2026,1
18,Duplicate,account_number|amount_document_currency|document_date|currency_key|company_code,DO02,PMX02,,BCB566189,566189,-285185.88,-285185,DOP,-83304.62,17/03/2026,,05/02/2026,,,5100008904,2026,,01/05/2026,,,Automated,23/03/2026,1
13,Duplicate,account_number|amount_document_currency|document_date|currency_key|company_code,DO02,337379,,DOIM0417792,417792,-5864.0,-5864,DOP,-93.94,13/03/2026,,04/02/2026,OCEAN FREIGHT,,5100008253,2026,,05/06/2026,,,Automated,23/03/2026,1
13,Duplicate,account_number|amount_document_currency|document_date|currency_key|company_code,DO02,337379,,DOIM0417788,417788,-5864.0,-5864,DOP,-93.94,13/03/2026,,04/02/2026,,,5100009623,2026,,05/06/2026,,,Automated,23/03/2026,1
13,Duplicate,account_number|amount_document_currency|document_date|currency_key|company_code,DO02,337379,,DOIM0417791,417791,-5864.0,-5864,DOP,-93.94,13/03/2026,,04/02/2026,,,5100009064,2026,,05/06/2026,,,Automated,23/03/2026,1
13,Original,account_number|amount_document_currency|document_date|currency_key|company_code,DO02,337379,,DOIM0417790,417790,-5864.0,-5864,DOP,-93.94,13/03/2026,,04/02/2026,,,5100010140,2026,,05/06/2026,,,Automated,23/03/2026,1
12,Duplicate,account_number|reference_w_words|amount_w_cents|currency_key|company_code,DO02,336657,,FA-1192,1192,-10401570.25,-10401570,DOP,-10401570.25,20/03/2026,,02/02/2026,PATROCINIOS corrección 5100010137,,5100010943,2026,,01/05/2026,,,Automated,23/03/2026,1
12,Duplicate,account_number|reference_w_words|amount_w_cents|currency_key|company_code,DO02,336657,,FA-1192,1192,-10401570.25,-10401570,DOP,-10401570.25,18/03/2026,100081738,02/02/2026,PATROCINIOS,,5100010137,2026,,01/06/2026,,,Automated,23/03/2026,1
12,Duplicate,account_number|amount_document_currency|document_date|currency_key|company_code,DO02,PMX02,,BCB565988,565988,-324452.52,-324452,DOP,-92707.34,13/03/2026,,06/01/2026,cerveza,,5100010170,2026,,01/06/2026,,,Automated,23/03/2026,1
12,Original,account_number|amount_document_currency|document_date|currency_key|company_code,DO02,PMX02,,BCB566015,566015,-324452.52,-324452,DOP,-92707.34,13/03/2026,,06/01/2026,cerveza,,5100008536,2026,,01/06/2026,,,Automated,23/03/2026,1
13,Duplicate,account_number|amount_document_currency|document_date|currency_key|company_code,DO02,337379,,DOIM0417789,417789,-5864.0,-5864,DOP,-93.94,13/03/2026,,04/02/2026,,,5100009318,2026,,05/06/2026,,,Automated,23/03/2026,1
11,Duplicate,account_number|reference_w_words|amount_w_cents|currency_key|company_code,DO02,337047,,711,711,-1444657.44,-1444657,DOP,-1444657.44,20/03/2026,,27/12/2025,Presupuesto Exploracion de Elementos tan,,5100011070,2026,,01/05/2026,,,Automated,23/03/2026,1
11,Duplicate,account_number|amount_document_currency|document_date|currency_key|company_code,DO02,PMX02,,BCB565920,565920,-377810.4,-377810,DOP,-107953.54,13/03/2026,,06/01/2026,cerveza,,5100009449,2026,,01/06/2026,,,Automated,23/03/2026,1
11,Duplicate,account_number|amount_document_currency|document_date|currency_key|company_code,DO02,PMX02,,BCB565919,565919,-377810.4,-377810,DOP,-107953.54,13/03/2026,,06/01/2026,cerveza,,5100010007,2026,,01/06/2026,,,Automated,23/03/2026,1
11,Duplicate,account_number|amount_document_currency|document_date|currency_key|company_code,DO02,PMX02,,BCB565931,565931,-377810.4,-377810,DOP,-107953.54,13/03/2026,,06/01/2026,,,5100009369,2026,,01/06/2026,,,Automated,23/03/2026,1
11,Duplicate,account_number|amount_document_currency|document_date|currency_key|company_code,DO02,PMX02,,BCB565918,565918,-377810.4,-377810,DOP,-107953.54,13/03/2026,,06/01/2026,CERVEZA,,5100009038,2026,,01/06/2026,,,Automated,23/03/2026,1
11,Duplicate,account_number|amount_document_currency|document_date|currency_key|company_code,DO02,PMX02,,BCB566101,566101,-377810.4,-377810,DOP,-107953.54,13/03/2026,,06/01/2026,cerveza,,5100009938,2026,,01/06/2026,,,Automated,23/03/2026,1
11,Duplicate,account_number|amount_document_currency|document_date|currency_key|company_code,DO02,PMX02,,BCB565904,565904,-377810.4,-377810,DOP,-107953.54,13/03/2026,,06/01/2026,CERVEZA,,5100010087,2026,,01/06/2026,,,Automated,23/03/2026,1
11,Duplicate,account_number|amount_document_currency|document_date|currency_key|company_code,DO02,PMX02,,BCB565899,565899,-377810.4,-377810,DOP,-107953.54,13/03/2026,,06/01/2026,CERVEZA,,5100009149,2026,,01/06/2026,,,Automated,23/03/2026,1
11,Duplicate,account_number|amount_document_currency|document_date|currency_key|company_code,DO02,PMX02,,BCB565906,565906,-377810.4,-377810,DOP,-107953.54,13/03/2026,,06/01/2026,CERVEZA,,5100009598,2026,,01/06/2026,,,Automated,23/03/2026,1
11,Duplicate,account_number|amount_document_currency|document_date|currency_key|company_code,DO02,PMX02,,BCB565902,565902,-377810.4,-377810,DOP,-107953.54,13/03/2026,,06/01/2026,cerveza,,5100009472,2026,,01/06/2026,,,Automated,23/03/2026,1
18,Duplicate,account_number|amount_document_currency|document_date|currency_key|company_code,DO02,PMX02,,BCB566169,566169,-285185.88,-285185,DOP,-83304.62,17/03/2026,,05/02/2026,,,5100010023,2026,,01/05/2026,,,Automated,23/03/2026,1
13,Duplicate,account_number|amount_document_currency|document_date|currency_key|company_code,DO02,337379,,DOIM0417786,417786,-5864.0,-5864,DOP,-95.58,16/03/2026,,04/02/2026,FREIGHT,,5100009578,2026,,05/06/2026,,,Automated,23/03/2026,1
14,Duplicate,account_number|amount_document_currency|document_date|currency_key|company_code,DO02,PUSV5,,358948B,358948,-30104.76,-30104,DOP,-482.26,13/03/2026,,02/03/2026,,,5100009679,2026,,01/06/2026,,,Automated,23/03/2026,1
18,Duplicate,account_number|amount_document_currency|document_date|currency_key|company_code,DO02,PMX02,,BCB566172,566172,-285185.88,-285185,DOP,-83304.62,17/03/2026,,05/02/2026,,,5100010640,2026,,01/05/2026,,,Automated,23/03/2026,1
18,Duplicate,account_number|amount_document_currency|document_date|currency_key|company_code,DO02,PMX02,,BCB566188,566188,-285185.88,-285185,DOP,-83304.62,17/03/2026,,05/02/2026,,,5100010083,2026,,01/05/2026,,,Automated,23/03/2026,1
18,Duplicate,account_number|amount_document_currency|document_date|currency_key|company_code,DO02,PMX02,,BCB566168,566168,-285185.88,-285185,DOP,-83304.62,17/03/2026,,05/02/2026,,,5100009521,2026,,01/05/2026,,,Automated,23/03/2026,1
18,Duplicate,account_number|amount_document_currency|document_date|currency_key|company_code,DO02,PMX02,,BCB566165,566165,-285185.88,-285185,DOP,-83304.62,17/03/2026,,05/02/2026,,,5100010168,2026,,01/05/2026,,,Automated,23/03/2026,1
18,Duplicate,account_number|amount_document_currency|document_date|currency_key|company_code,DO02,PMX02,,BCB566194,566194,-285185.88,-285185,DOP,-83304.62,17/03/2026,,05/02/2026,,,5100010416,2026,,01/05/2026,,,Automated,23/03/2026,1
18,Original,account_number|amount_document_currency|document_date|currency_key|company_code,DO02,PMX02,,BCB566166,566166,-285185.88,-285185,DOP,-83304.62,17/03/2026,,05/02/2026,,,5100008949,2026,,01/05/2026,,,Automated,23/03/2026,1
17,Duplicate,account_number|amount_document_currency|document_date|currency_key|company_code,DO02,337453,,1000898509,1000898509,-97860.7,-97860,DOP,-1357.69,16/03/2026,,10/10/2025,BOTELLAS NUEVAS LOCAL PTE. 12 OZ.,,5100009469,2026,,01/02/2026,,,Automated,23/03/2026,1
17,Duplicate,account_number|amount_document_currency|document_date|currency_key|company_code,DO02,337453,,1000898508,1000898508,-97860.7,-97860,DOP,-1357.69,16/03/2026,,10/10/2025,BOTELLAS NUEVAS LOCAL PTE. 12 OZ.,,5100009441,2026,,01/02/2026,,,Automated,23/03/2026,1
14,Original,account_number|amount_document_currency|document_date|currency_key|company_code,DO02,PUSV5,,358947B,358947,-30104.76,-30104,DOP,-482.26,13/03/2026,,02/03/2026,"MICH ULTR OW 4X6 0,355L BASK US DEP",,5100009669,2026,,01/06/2026,,,Automated,23/03/2026,1
17,Original,account_number|amount_document_currency|document_date|currency_key|company_code,DO02,337453,,1000898507,1000898507,-97860.7,-97860,DOP,-1357.69,16/03/2026,,10/10/2025,BOTELLAS NUEVAS LOCAL PTE. 12 OZ.,,5100009662,2026,,01/02/2026,,,Automated,23/03/2026,1
16,Duplicate,account_number|amount_document_currency|document_date|currency_key|company_code,DO02,PUSV5,,369230B,369230,-24840.76,-24840,DOP,-404.88,16/03/2026,,05/03/2026,COUNTRY,,5100009059,2026,,01/06/2026,,,Automated,23/03/2026,1
16,Original,account_number|amount_document_currency|document_date|currency_key|company_code,DO02,PUSV5,,369228B,369228,-24840.76,-24840,DOP,-404.88,16/03/2026,,05/03/2026,"BUD LIGH OW 24 0,355L LN APL GEN CB",,5100009864,2026,,01/06/2026,,,Automated,23/03/2026,1
15,Duplicate,account_number|amount_document_currency|document_date|currency_key|company_code,DO02,PUSV5,,364816B,364816,-27584.76,-27584,DOP,-457.45,17/03/2026,,04/03/2026,"BUD OW 4X6 0,355L TO BSK AP GEN DUAL",,5100008304,2026,,01/06/2026,,,Automated,23/03/2026,1
15,Duplicate,account_number|amount_document_currency|document_date|currency_key|company_code,DO02,PUSV5,,364808B,364808,-27584.76,-27584,DOP,-457.45,17/03/2026,,04/03/2026,COUNTRY,,5100010476,2026,,01/06/2026,,,Automated,23/03/2026,1
15,Original,account_number|amount_document_currency|document_date|currency_key|company_code,DO02,PUSV5,,364800B,364800,-27584.76,-27584,DOP,-449.6,16/03/2026,,04/03/2026,COUNTRY,,5100008628,2026,,01/06/2026,,,Automated,23/03/2026,1
14,Duplicate,account_number|amount_document_currency|document_date|currency_key|company_code,DO02,PUSV5,,358946B,358946,-30104.76,-30104,DOP,-482.26,13/03/2026,,02/03/2026,MICULTRA,,5100010165,2026,,01/06/2026,,,Automated,23/03/2026,1
14,Duplicate,account_number|amount_document_currency|document_date|currency_key|company_code,DO02,PUSV5,,358945B,358945,-30104.76,-30104,DOP,-482.26,13/03/2026,,02/03/2026,,,5100010050,2026,,01/06/2026,,,Automated,23/03/2026,1
14,Duplicate,account_number|amount_document_currency|document_date|currency_key|company_code,DO02,PUSV5,,358950B,358950,-30104.76,-30104,DOP,-482.26,13/03/2026,,02/03/2026,"MICH ULTR OW 4X6 0,355L BASK US DEP",,5100009463,2026,,01/06/2026,,,Automated,23/03/2026,1
16,Duplicate,account_number|amount_document_currency|document_date|currency_key|company_code,DO02,PUSV5,,369229B,369229,-24840.76,-24840,DOP,-404.88,17/03/2026,,05/03/2026,,,5100009684,2026,,01/06/2026,,,Automated,23/03/2026,1
39,Duplicate,account_number|amount_document_currency|document_date|currency_key|company_code,DO02,PMX02,,BCB566588,566588,-386397.0,-386397,DOP,-114840.18,20/03/2026,,17/02/2026,,,5100010437,2026,,01/05/2026,,,Automated,23/03/2026,1
